timestamp, relative_time, heart_rate
1442469144658, 0, 57
1442469145662, 1004, 58
1442469146651, 1993, 56
1442469147647, 2989, 56
1442469148642, 3984, 55
1442469149646, 4988, 55
1442469150636, 5978, 53
1442469151639, 6981, 53
1442469152730, 8072, 53
1442469153729, 9071, 55
1442469154630, 9972, 58
1442469155632, 10974, 62
1442469156627, 11969, 65
1442469157720, 13062, 67
1442469158715, 14057, 65
1442469159617, 14959, 63
1442469160704, 16046, 65
1442469161708, 17050, 67
1442469162701, 18043, 68
1442469163702, 19044, 73
1442469164607, 19949, 73
1442469165608, 20950, 73
1442469166599, 21941, 73
1442469167688, 23030, 75
1442469168595, 23937, 75
1442469169688, 25030, 73
1442469170681, 26023, 73
1442469171678, 27020, 75
1442469172681, 28023, 75
1442469173582, 28924, 76
1442469174676, 30018, 77
1442469175668, 31010, 77
1442469176667, 32009, 79
1442469177577, 32919, 78
1442469178668, 34010, 78
1442469179566, 34908, 79
1442469180564, 35906, 79
1442469181558, 36900, 79
1442469182560, 37902, 77
1442469183650, 38992, 75
1442469184646, 39988, 75
1442469185648, 40990, 76
1442469186550, 41892, 76
1442469187631, 42973, 78
1442469188542, 43884, 79
1442469189542, 44884, 80
1442469190541, 45883, 82
1442469191536, 46878, 82
1442469192630, 47972, 81
1442469193625, 48967, 75
1442469194622, 49964, 75
1442469195528, 50870, 74
1442469196524, 51866, 72
1442469197522, 52864, 72
1442469198615, 53957, 75
1442469199608, 54950, 76
1442469200514, 55856, 76
1442469201606, 56948, 75
1442469202603, 57945, 70
1442469203603, 58945, 68
1442469204504, 59846, 68
1442469205558, 60900, 69
1442469206592, 61934, 73
1442469207588, 62930, 75
1442469209086, 64428, 76
1442469209492, 64834, 76
1442469210487, 65829, 74
1442469211489, 66831, 74
1442469212492, 67834, 73
1442469213482, 68824, 71
1442469214517, 69859, 71
1442469215571, 70913, 71
1442469216632, 71974, 72
1442469217571, 72913, 74
1442469218470, 73812, 74
1442469219564, 74906, 78
1442469220465, 75807, 79
1442469221462, 76804, 77
1442469222555, 77897, 77
1442469223473, 78815, 73
1442469224455, 79797, 73
1442469225452, 80794, 73
1442469226540, 81882, 73
1442469227447, 82789, 72
1442469228538, 83880, 74
1442469229531, 84873, 73
1442469230439, 85781, 73
1442469231437, 86779, 73
1442469232490, 87832, 74
1442469233432, 88774, 77
1442469234431, 89773, 79
1442469235507, 90849, 82
1442469236425, 91767, 84
1442469237523, 92865, 86
1442469238511, 93853, 86
1442469239518, 94860, 84
1442469241012, 96354, 78
1442469241413, 96755, 80
1442469242495, 97837, 79
1442469243406, 98748, 80
1442469244402, 99744, 82
1442469245403, 100745, 81
1442469246400, 101742, 79
1442469247398, 102740, 76
1442469248395, 103737, 75
1442469249392, 104734, 73
1442469250391, 105733, 75
1442469251483, 106825, 70
1442469252884, 108226, 70
1442469253377, 108719, 71
1442469254377, 109719, 71
1442469255465, 110807, 71
1442469256873, 112215, 76
1442469257372, 112714, 75
1442469258370, 113712, 73
1442469259953, 115295, 70
1442469260365, 115707, 70
1442469262358, 117700, 68
1442469262393, 117735, 70
1442469263358, 118700, 69
1442469264355, 119697, 68
1442469265351, 120693, 70
1442469266447, 121789, 69
1442469267348, 122690, 69
1442469268847, 124189, 72
1442469269842, 125184, 74
1442469270838, 126180, 71
1442469272031, 127373, 71
1442469272834, 128176, 67
1442469273828, 129170, 66
1442469275327, 130669, 67
1442469275826, 131168, 66
1442469276914, 132256, 70
1442469278417, 133759, 69
1442469278823, 134165, 68
1442469280530, 135872, 70
1442469280814, 136156, 69
1442469281906, 137248, 69
1442469283400, 138742, 68
1442469283806, 139148, 68
1442469284895, 140237, 68
1442469285893, 141235, 71
1442469286890, 142232, 69
1442469287797, 143139, 68
1442469288794, 144136, 72
1442469289887, 145229, 71
1442469290883, 146225, 71
1442469291876, 147218, 74
1442469292784, 148126, 75
1442469293781, 149123, 76
1442469294779, 150121, 76
1442469295775, 151117, 70
1442469296774, 152116, 70
1442469297771, 153113, 69
1442469298865, 154207, 71
1442469299857, 155199, 70
1442469300858, 156200, 72
1442469301760, 157102, 70
1442469302837, 158179, 69
1442469304848, 160190, 70
1442469304883, 160225, 72
1442469305851, 161193, 72
1442469307338, 162680, 72
1442469307746, 163088, 73
1442469308840, 164182, 71
1442469309742, 165084, 68
1442469310739, 166081, 69
1442469312235, 167577, 68
1442469312734, 168076, 69
1442469313823, 169165, 72
1442469315226, 170568, 71
1442469315724, 171066, 71
1442469316861, 172203, 74
1442469317720, 173062, 75
1442469318717, 174059, 75
1442469319715, 175057, 70
1442469320755, 176097, 70
1442469321802, 177144, 70
1442469322903, 178245, 72
1442469323758, 179100, 71
1442469324702, 180044, 66
1442469325796, 181138, 67
1442469326789, 182131, 73
1442469327788, 183130, 73
1442469328693, 184035, 75
1442469329715, 185057, 79
1442469330778, 186120, 81
1442469331685, 187027, 84
1442469332682, 188024, 87
1442469333679, 189021, 89
1442469335176, 190518, 91
1442469335674, 191016, 91
1442469336673, 192015, 89
1442469337720, 193062, 88
1442469338667, 194009, 84
1442469339665, 195007, 81
1442469341234, 196576, 82
1442469341660, 197002, 78
1442469342657, 197999, 77
1442469343751, 199093, 76
1442469344749, 200091, 77
1442469345741, 201083, 80
1442469346740, 202082, 81
1442469347644, 202986, 82
1442469348735, 204077, 84
1442469349731, 205073, 84
1442469350735, 206077, 81
1442469353132, 208474, 81
1442469353168, 208510, 81
1442469353629, 208971, 79
1442469355220, 210562, 80
1442469355628, 210970, 82
1442469356621, 211963, 81
1442469357710, 213052, 80
1442469359614, 214956, 80
1442469359651, 214993, 78
1442469360612, 215954, 76
1442469361707, 217049, 77
1442469362699, 218041, 75
1442469363698, 219040, 75
1442469365194, 220536, 75
1442469365600, 220942, 75
1442469366693, 222035, 76
1442469368115, 223457, 78
1442469368592, 223934, 79
1442469370183, 225525, 81
1442469371178, 226520, 81
1442469371584, 226926, 79
1442469372675, 228017, 76
1442469373580, 228922, 79
1442469374577, 229919, 77
1442469376666, 232008, 75
1442469376699, 232041, 73
1442469378570, 233912, 75
1442469378619, 233961, 75
1442469380102, 235444, 75
1442469380558, 235900, 75
1442469381560, 236902, 77
1442469382557, 237899, 75
1442469383554, 238896, 74
1442469385050, 240392, 75
1442469385549, 240891, 76
1442469386637, 241979, 77
1442469387545, 242887, 79
1442469388596, 243938, 82
1442469389631, 244973, 81
1442469390633, 245975, 81
1442469392124, 247466, 83
1442469392532, 247874, 84
1442469393627, 248969, 81
1442469394527, 249869, 78
1442469395525, 250867, 77
1442469396522, 251864, 75
1442469397551, 252893, 73
1442469398614, 253956, 78
1442469400014, 255356, 80
1442469400512, 255854, 84
1442469401505, 256847, 86
1442469402508, 257850, 84
1442469404003, 259345, 78
1442469405091, 260433, 79
1442469406095, 261437, 75
1442469407087, 262429, 74
1442469407996, 263338, 74
1442469409076, 264418, 74
1442469410084, 265426, 75
1442469411081, 266423, 73
1442469412075, 267417, 74
1442469412981, 268323, 72
1442469414075, 269417, 71
1442469414977, 270319, 71
1442469415973, 271315, 71
1442469416970, 272312, 71
1442469418031, 273373, 71
1442469419062, 274404, 71
1442469419963, 275305, 71
1442469420961, 276303, 71
1442469422002, 277344, 76
1442469422957, 278299, 76
1442469424045, 279387, 73
1442469425046, 280388, 72
1442469425949, 281291, 73
1442469426997, 282339, 70
1442469428035, 283377, 73
1442469429032, 284374, 73
1442469430031, 285373, 75
1442469430936, 286278, 76
1442469432029, 287371, 75
1442469433025, 288367, 75
1442469434020, 289362, 72
1442469434927, 290269, 71
1442469435923, 291265, 78
1442469436921, 292263, 78
1442469438011, 293353, 78
1442469439009, 294351, 79
1442469439913, 295255, 74
1442469440911, 296253, 74
1442469441909, 297251, 72
1442469442903, 298245, 75
1442469443904, 299246, 74
1442469444913, 300255, 76
1442469445999, 301341, 76
1442469446989, 302331, 77
1442469447987, 303329, 75
1442469448900, 304242, 73
1442469449981, 305323, 75
1442469450887, 306229, 75
1442469451883, 307225, 74
1442469453379, 308721, 71
1442469453878, 309220, 74
1442469454973, 310315, 71
1442469455965, 311307, 68
1442469456872, 312214, 69
1442469457868, 313210, 71
1442469458867, 314209, 72
1442469459863, 315205, 74
1442469460954, 316296, 75
1442469461951, 317293, 72
1442469462855, 318197, 75
1442469464352, 319694, 72
1442469464850, 320192, 70
1442469465851, 321193, 70
1442469466846, 322188, 71
1442469467839, 323181, 70
1442469468841, 324183, 72
1442469469926, 325268, 73
1442469470929, 326271, 76
1442469471835, 327177, 77
1442469472928, 328270, 78
1442469473831, 329173, 77
1442469474923, 330265, 78
1442469475827, 331169, 77
1442469476918, 332260, 76
1442469477916, 333258, 78
1442469478909, 334251, 81
1442469479906, 335248, 79
1442469480820, 336162, 81
1442469481809, 337151, 81
1442469482806, 338148, 81
1442469483897, 339239, 81
1442469484801, 340143, 74
1442469485875, 341217, 72
1442469486795, 342137, 68
1442469487796, 343138, 67
1442469488791, 344133, 70
1442469489789, 345131, 72
1442469490882, 346224, 73
1442469491879, 347221, 72
1442469492872, 348214, 72
1442469493779, 349121, 73
1442469494832, 350174, 72
1442469495875, 351217, 69
1442469496772, 352114, 68
1442469497769, 353111, 68
1442469498767, 354109, 68
1442469499855, 355197, 72
1442469500858, 356200, 76
1442469501850, 357192, 78
1442469502757, 358099, 77
1442469503754, 359096, 76
1442469504847, 360189, 77
1442469505841, 361183, 76
1442469506838, 362180, 76
1442469507744, 363086, 78
1442469508761, 364103, 79
1442469509746, 365088, 81
1442469510737, 366079, 82
1442469511734, 367076, 78
1442469512756, 368098, 74
1442469513822, 369164, 74
1442469514937, 370279, 73
1442469515817, 371159, 73
1442469516721, 372063, 73
1442469517817, 373159, 73
1442469518808, 374150, 73
1442469519805, 375147, 73
1442469520712, 376054, 86
1442469521710, 377052, 86
1442469522706, 378048, 86
1442469523704, 379046, 86
1442469524799, 380141, 86
1442469525698, 381040, 0
1442469526792, 382134, 0
1442469527693, 383035, 0
1442469528787, 384129, 0
1442469529688, 385030, 0
1442469530686, 386028, 87
1442469531686, 387028, 86
1442469532681, 388023, 86
1442469534275, 389617, 86
1442469535271, 390613, 113
1442469536265, 391607, 113
1442469537165, 392507, 113
1442469538169, 393511, 113
1442469539160, 394502, 113
1442469540160, 395502, 113
1442469541160, 396502, 113
1442469542195, 397537, 113
1442469543250, 398592, 113
1442469544246, 399588, 0
1442469545349, 400691, 0
1442469546147, 401489, 0
1442469547145, 402487, 0
1442469548141, 403483, 0
1442469549138, 404480, 0
1442469550228, 405570, 0
1442469551157, 406499, 0
1442469552133, 407475, 0
1442469553129, 408471, 0
1442469554124, 409466, 0
1442469555125, 410467, 0
1442469556123, 411465, 0
1442469557119, 412461, 0
1442469558210, 413552, 0
1442469559115, 414457, 0
1442469560116, 415458, 0
1442469561205, 416547, 0
1442469562204, 417546, 0
1442469563196, 418538, 0
1442469564104, 419446, 0
1442469565191, 420533, 0
1442469566193, 421535, 0
1442469567187, 422529, 0
1442469568092, 423434, 80
1442469569090, 424432, 79
1442469570183, 425525, 80
1442469571170, 426512, 81
1442469572172, 427514, 81
1442469573080, 428422, 81
1442469574077, 429419, 82
1442469575076, 430418, 82
1442469576073, 431415, 82
1442469577071, 432413, 82
1442469578066, 433408, 82
1442469579157, 434499, 82
1442469580155, 435497, 82
1442469581058, 436400, 84
1442469582060, 437402, 87
1442469583146, 438488, 87
1442469584146, 439488, 88
1442469585145, 440487, 87
1442469586140, 441482, 86
1442469587048, 442390, 84
1442469588136, 443478, 84
1442469589041, 444383, 84
1442469590038, 445380, 88
1442469591034, 446376, 88
1442469592113, 447455, 88
1442469593127, 448469, 88
1442469594028, 449370, 88
1442469595025, 450367, 0
1442469596022, 451364, 0
1442469597020, 452362, 0
1442469598111, 453453, 0
1442469599113, 454455, 0
1442469600012, 455354, 0
1442469601074, 456416, 0
1442469602107, 457449, 0
1442469603100, 458442, 0
1442469604093, 459435, 0
1442469604999, 460341, 0
1442469606093, 461435, 0
1442469607088, 462430, 0
1442469608089, 463431, 0
1442469608991, 464333, 0
1442469609987, 465329, 0
1442469610986, 466328, 0
1442469612078, 467420, 0
1442469613082, 468424, 0
1442469613977, 469319, 0
1442469615070, 470412, 0
1442469616068, 471410, 0
1442469617066, 472408, 85
1442469617969, 473311, 86
1442469618965, 474307, 89
1442469619996, 475338, 91
1442469620960, 476302, 95
1442469622050, 477392, 96
1442469622954, 478296, 100
1442469624050, 479392, 101
1442469624951, 480293, 101
1442469626042, 481384, 101
1442469626945, 482287, 101
1442469627955, 483297, 99
1442469629032, 484374, 99
1442469630034, 485376, 100
1442469630935, 486277, 100
1442469631934, 487276, 100
1442469632930, 488272, 101
1442469633928, 489270, 100
1442469634930, 490272, 96
1442469635923, 491265, 92
1442469636919, 492261, 89
1442469638015, 493357, 90
1442469638915, 494257, 84
1442469639913, 495255, 84
1442469640906, 496248, 82
1442469641908, 497250, 84
1442469642996, 498338, 85
1442469643995, 499337, 88
1442469644999, 500341, 88
1442469645897, 501239, 91
1442469647077, 502419, 93
1442469647984, 503326, 97
1442469648986, 504328, 98
1442469649887, 505229, 98
1442469650976, 506318, 97
1442469651981, 507323, 97
1442469652881, 508223, 97
1442469653879, 509221, 98
1442469654876, 510218, 118
1442469655874, 511216, 110
1442469656961, 512303, 106
1442469657964, 513306, 105
1442469658865, 514207, 105
1442469659863, 515205, 106
1442469660861, 516203, 106
1442469661858, 517200, 106
1442469662972, 518314, 110
1442469666156, 521498, 111
1442469666443, 521785, 113
1442469667126, 522468, 114
1442469668122, 523464, 115
1442469669120, 524462, 116
1442469670118, 525460, 117
1442469671225, 526567, 117
1442469672210, 527552, 118
1442469673201, 528543, 118
1442469674202, 529544, 118
1442469675200, 530542, 118
1442469676101, 531443, 118
1442469677197, 532539, 118
1442469678192, 533534, 119
1442469679187, 534529, 119
1442469680185, 535527, 121
1442469681091, 536433, 122
1442469683735, 539077, 123
1442469683864, 539206, 123
1442469684081, 539423, 125
1442469685080, 540422, 126
1442469686081, 541423, 127
1442469687076, 542418, 128
1442469688073, 543415, 128
1442469689298, 544640, 129
1442469690432, 545774, 130
1442469694277, 549619, 130
1442469694523, 549865, 131
1442469696964, 552306, 131
1442469697285, 552627, 131
1442469697710, 553052, 130
1442469699278, 554620, 131
1442469699954, 555296, 131
1442469700070, 555412, 132
1442469704199, 559541, 132
1442469704860, 560202, 133
1442469705084, 560426, 134
1442469707847, 563189, 135
1442469709053, 564395, 135
1442469710743, 566085, 136
1442469710913, 566255, 136
1442469713250, 568592, 136
1442469713554, 568896, 137
1442469714198, 569540, 137
1442469714391, 569733, 138
1442469716255, 571597, 138
1442469716937, 572279, 140
1442469718416, 573758, 139
1442469718925, 574267, 141
1442469719475, 574817, 142
1442469719692, 575034, 142
1442469722455, 577797, 143
1442469723379, 578721, 144
1442469725421, 580763, 143
1442469726321, 581663, 144
1442469726407, 581749, 144
1442469728301, 583643, 144
1442469728984, 584326, 144
1442469729219, 584561, 144
1442469729649, 584991, 145
1442469732416, 587758, 144
1442469732986, 588328, 145
1442469733105, 588447, 145
1442469735463, 590805, 146
1442469735983, 591325, 146
1442469736137, 591479, 146
1442469736314, 591656, 145
1442469738593, 593935, 145
1442469739380, 594722, 146
1442469740151, 595493, 143
1442469741966, 597308, 142
1442469742173, 597515, 142
1442469744282, 599624, 140
1442469744868, 600210, 139
1442469745375, 600717, 140
1442469746873, 602215, 138
1442469747615, 602957, 139
1442469747969, 603311, 139
1442469750007, 605349, 139
1442469750885, 606227, 139
1442469750938, 606280, 139
1442469754035, 609377, 139
1442469754750, 610092, 140
1442469754832, 610174, 140
1442469754933, 610275, 140
1442469756706, 612048, 140
1442469756956, 612298, 140
1442469757400, 612742, 141
1442469757728, 613070, 141
1442469761181, 616523, 142
1442469761310, 616652, 141
1442469763207, 618549, 142
1442469763679, 619021, 142
1442469764110, 619452, 142
1442469765943, 621285, 143
1442469766334, 621676, 142
1442469767516, 622858, 143
1442469767650, 622992, 143
1442469769485, 624827, 142
1442469770071, 625413, 141
1442469770246, 625588, 140
1442469773409, 628751, 139
1442469773741, 629083, 140
1442469774377, 629719, 139
1442469776104, 631446, 139
1442469777021, 632363, 140
1442469777149, 632491, 140
1442469779007, 634349, 141
1442469779521, 634863, 142
1442469780223, 635565, 141
1442469781922, 637264, 142
1442469784003, 639345, 141
1442469784390, 639732, 140
1442469785134, 640476, 142
1442469787164, 642506, 140
1442469787573, 642915, 140
1442469787713, 643055, 141
1442469790319, 645661, 140
1442469792270, 647612, 140
1442469793240, 648582, 138
1442469793727, 649069, 137
1442469796119, 651461, 136
1442469796574, 651916, 138
1442469797147, 652489, 136
1442469798397, 653739, 135
1442469799513, 654855, 131
1442469800040, 655382, 125
1442469801365, 656707, 123
1442469801738, 657080, 124
1442469802247, 657589, 123
1442469805505, 660847, 124
1442469805789, 661131, 125
1442469806223, 661565, 123
1442469807811, 663153, 124
1442469808468, 663810, 123
1442469808614, 663956, 121
1442469809913, 665255, 120
1442469811394, 666736, 119
1442469811555, 666897, 119
1442469814239, 669581, 118
1442469814915, 670257, 118
1442469815032, 670374, 120
1442469819333, 674675, 120
1442469819808, 675150, 119
1442469819934, 675276, 118
1442469820157, 675499, 117
1442469822461, 677803, 117
1442469823404, 678746, 115
1442469823627, 678969, 114
1442469825879, 681221, 114
1442469826114, 681456, 114
1442469828103, 683445, 113
1442469828683, 684025, 113
1442469831267, 686609, 114
1442469832633, 687975, 114
1442469833956, 689298, 114
1442469836191, 691533, 114
1442469836532, 691874, 114
1442469836968, 692310, 114
1442469841005, 696347, 113
1442469841336, 696678, 113
1442469841741, 697083, 111
1442469842053, 697395, 110
1442469843400, 698742, 112
1442469843911, 699253, 111
1442469844039, 699381, 111
1442469846224, 701566, 111
1442469847059, 702401, 112
1442469848547, 703889, 112
1442469849605, 704947, 112
1442469851965, 707307, 112
1442469852740, 708082, 111
1442469855343, 710685, 111
1442469855961, 711303, 111
1442469856184, 711526, 112
1442469858172, 713514, 112
1442469858747, 714089, 111
1442469858834, 714176, 114
1442469861242, 716584, 116
1442469861481, 716823, 121
1442469863942, 719284, 123
1442469865352, 720694, 124
1442469865773, 721115, 124
1442469867738, 723080, 122
1442469868635, 723977, 121
1442469869090, 724432, 122
1442469869254, 724596, 123
1442469871382, 726724, 125
1442469873140, 728482, 127
1442469874974, 730316, 129
1442469875786, 731128, 128
1442469875972, 731314, 129
1442469877945, 733287, 129
1442469878426, 733768, 129
1442469879128, 734470, 131
1442469879377, 734719, 132
1442469884985, 740327, 134
1442469885171, 740513, 134
1442469888486, 743828, 135
1442469888679, 744021, 136
1442469890289, 745631, 137
1442469890878, 746220, 138
1442469891058, 746400, 138
1442469893768, 749110, 139
1442469893957, 749299, 139
1442469895017, 750359, 140
1442469896343, 751685, 141
1442469896619, 751961, 140
1442469900676, 756018, 138
1442469900908, 756250, 138
1442469903647, 758989, 138
1442469904042, 759384, 137
1442469904198, 759540, 137
1442469905715, 761057, 137
1442469905942, 761284, 136
1442469906380, 761722, 137
1442469910150, 765492, 138
1442469910821, 766163, 138
1442469912393, 767735, 140
1442469912971, 768313, 140
1442469916166, 771508, 140
1442469916694, 772036, 140
1442469918186, 773528, 142
1442469919004, 774346, 142
1442469919080, 774422, 142
1442469922896, 778238, 144
1442469923451, 778793, 144
1442469923727, 779069, 144
1442469926663, 782005, 145
1442469927180, 782522, 145
1442469927377, 782719, 144
1442469929284, 784626, 145
1442469929530, 784872, 145
1442469929893, 785235, 145
1442469930119, 785461, 147
1442469932841, 788183, 147
1442469932912, 788254, 147
1442469934871, 790213, 149
1442469935439, 790781, 149
1442469935593, 790935, 147
1442469938362, 793704, 149
1442469938875, 794217, 149
1442469939015, 794357, 148
1442469941393, 796735, 148
1442469942054, 797396, 149
1442469944808, 800150, 149
1442469945476, 800818, 149
1442469947050, 802392, 149
1442469947391, 802733, 149
1442469947813, 803155, 149
1442469949495, 804837, 149
1442469950917, 806259, 149
1442469950981, 806323, 148
1442469953562, 808904, 150
1442469955050, 810392, 150
1442469955704, 811046, 150
1442469956566, 811908, 150
1442469959713, 815055, 149
1442469960079, 815421, 149
1442469960514, 815856, 149
1442469962504, 817846, 149
1442469963191, 818533, 149
1442469963301, 818643, 149
1442469967057, 822399, 150
1442469967820, 823162, 149
1442469967895, 823237, 151
1442469969463, 824805, 151
1442469969722, 825064, 152
1442469970460, 825802, 153
1442469972995, 828337, 153
1442469973366, 828708, 153
1442469974045, 829387, 152
1442469976170, 831512, 151
1442469976867, 832209, 150
1442469976943, 832285, 148
1442469979273, 834615, 146
1442469979922, 835264, 144
1442469980008, 835350, 142
1442469981566, 836908, 140
1442469983665, 839007, 139
1442469984669, 840011, 138
1442469986730, 842072, 136
1442469986897, 842239, 134
1442469986987, 842329, 131
1442469989304, 844646, 128
1442469990200, 845542, 128
1442469990277, 845619, 128
1442469992697, 848039, 129
1442469993424, 848766, 127
1442469993526, 848868, 126
1442469997271, 852613, 125
1442469997421, 852763, 123
1442469998204, 853546, 122
1442470000384, 855726, 122
1442470000696, 856038, 123
1442470001152, 856494, 124
1442470001347, 856689, 124
1442470003876, 859218, 124
1442470004081, 859423, 122
1442470004149, 859491, 119
1442470005477, 860819, 120
1442470007551, 862893, 120
1442470011009, 866351, 118
1442470011105, 866447, 120
1442470013279, 868621, 121
1442470013540, 868882, 120
1442470014014, 869356, 118
1442470016221, 871563, 116
1442470016523, 871865, 113
1442470017160, 872502, 112
1442470019256, 874598, 111
1442470020009, 875351, 112
1442470020079, 875421, 113
1442470021631, 876973, 113
1442470022978, 878320, 112
1442470024090, 879432, 111
1442470026831, 882173, 111
1442470028102, 883444, 111
1442470028521, 883863, 113
1442470029218, 884560, 113
1442470029377, 884719, 114
1442470032816, 888158, 113
1442470033101, 888443, 112
1442470034017, 889359, 111
1442470034789, 890131, 110
1442470034999, 890341, 109
1442470037255, 892597, 110
1442470037595, 892937, 114
1442470038093, 893435, 116
1442470040219, 895561, 117
1442470040951, 896293, 116
1442470043355, 898697, 116
1442470043583, 898925, 114
1442470043981, 899323, 113
1442470046390, 901732, 109
1442470046981, 902323, 108
1442470047068, 902410, 108
1442470049441, 904783, 108
1442470050034, 905376, 109
1442470050136, 905478, 110
1442470053021, 908363, 111
1442470053230, 908572, 111
1442470053573, 908915, 110
1442470056884, 912226, 113
1442470057444, 912786, 116
1442470060052, 915394, 118
1442470060753, 916095, 118
1442470063264, 918606, 119
1442470065132, 920474, 118
1442470065301, 920643, 118
1442470069118, 924460, 118
1442470069377, 924719, 119
1442470069842, 925184, 121
1442470071311, 926653, 122
1442470072028, 927370, 123
1442470072137, 927479, 125
1442470076451, 931793, 126
1442470077036, 932378, 127
1442470079330, 934672, 129
1442470080027, 935369, 129
1442470082304, 937646, 129
1442470083154, 938496, 130
1442470083264, 938606, 131
1442470085647, 940989, 131
1442470085926, 941268, 133
1442470086314, 941656, 134
1442470088314, 943656, 135
1442470089098, 944440, 137
1442470089213, 944555, 138
1442470091310, 946652, 139
1442470091671, 947013, 141
1442470092256, 947598, 143
1442470094743, 950085, 139
1442470095116, 950458, 144
1442470095308, 950650, 146
1442470097590, 952932, 147
1442470097931, 953273, 149
1442470101194, 956536, 149
1442470102291, 957633, 149
1442470102421, 957763, 151
1442470104316, 959658, 152
1442470104918, 960260, 152
1442470105146, 960488, 153
1442470107663, 963005, 154
1442470107834, 963176, 154
1442470108817, 964159, 154
1442470110838, 966180, 154
1442470113415, 968757, 155
1442470113908, 969250, 154
1442470114430, 969772, 153
1442470115503, 970845, 155
1442470116629, 971971, 155
1442470117051, 972393, 155
1442470117302, 972644, 155
1442470121593, 976935, 156
1442470121766, 977108, 157
1442470124234, 979576, 157
1442470124934, 980276, 157
1442470127270, 982612, 157
1442470127983, 983325, 158
1442470130089, 985431, 158
1442470130820, 986162, 159
1442470130967, 986309, 158
1442470133641, 988983, 158
1442470133771, 989113, 158
1442470134746, 990088, 158
1442470135414, 990756, 158
1442470135925, 991267, 158
1442470139194, 994536, 160
1442470139947, 995289, 159
1442470141158, 996500, 159
1442470142578, 997920, 158
1442470142758, 998100, 157
1442470145137, 1000479, 155
1442470145915, 1001257, 153
1442470145977, 1001319, 152
1442470148530, 1003872, 151
1442470149234, 1004576, 149
1442470149309, 1004651, 150
1442470151430, 1006772, 147
1442470151702, 1007044, 144
1442470152113, 1007455, 143
1442470154112, 1009454, 142
1442470155928, 1011270, 140
1442470155993, 1011335, 140
1442470156931, 1012273, 140
1442470157531, 1012873, 139
1442470157635, 1012977, 139
1442470160003, 1015345, 139
1442470160696, 1016038, 137
1442470160776, 1016118, 137
1442470163065, 1018407, 136
1442470163384, 1018726, 136
1442470163742, 1019084, 137
1442470163831, 1019173, 136
1442470166399, 1021741, 137
1442470166606, 1021948, 137
1442470167048, 1022390, 137
1442470169265, 1024607, 136
1442470169610, 1024952, 135
1442470170396, 1025738, 135
1442470172226, 1027568, 136
1442470172488, 1027830, 134
1442470172986, 1028328, 132
1442470176170, 1031512, 131
1442470176805, 1032147, 131
1442470176894, 1032236, 130
1442470178642, 1033984, 130
1442470178860, 1034202, 129
1442470179340, 1034682, 127
1442470180954, 1036296, 126
1442470181295, 1036637, 126
1442470181688, 1037030, 125
1442470183801, 1039143, 123
1442470185096, 1040438, 123
1442470187395, 1042737, 122
1442470188970, 1044312, 123
1442470189096, 1044438, 123
1442470190142, 1045484, 123
1442470191851, 1047193, 124
1442470192387, 1047729, 126
1442470194132, 1049474, 128
1442470194721, 1050063, 128
1442470194852, 1050194, 129
1442470196094, 1051436, 130
1442470196415, 1051757, 131
1442470196835, 1052177, 132
1442470198148, 1053490, 134
1442470198860, 1054202, 134
1442470198939, 1054281, 136
1442470201337, 1056679, 138
1442470201600, 1056942, 138
1442470202051, 1057393, 140
1442470204073, 1059415, 141
1442470204336, 1059678, 142
1442470204755, 1060097, 142
1442470207074, 1062416, 145
1442470207399, 1062741, 146
1442470207789, 1063131, 148
1442470210234, 1065576, 148
1442470210959, 1066301, 150
1442470211033, 1066375, 151
1442470215126, 1070468, 151
1442470215410, 1070752, 153
1442470215921, 1071263, 154
1442470217491, 1072833, 154
1442470218194, 1073536, 156
1442470218303, 1073645, 157
1442470220395, 1075737, 157
1442470221638, 1076980, 157
1442470221768, 1077110, 156
1442470224937, 1080279, 156
1442470225436, 1080778, 155
1442470225543, 1080885, 154
1442470227150, 1082492, 155
1442470227516, 1082858, 155
1442470228162, 1083504, 156
1442470228442, 1083784, 156
1442470230751, 1086093, 156
1442470230894, 1086236, 156
1442470233095, 1088437, 156
1442470233857, 1089199, 156
1442470233939, 1089281, 157
1442470236200, 1091542, 158
1442470236661, 1092003, 157
1442470237167, 1092509, 158
1442470237364, 1092706, 158
1442470239636, 1094978, 159
1442470240016, 1095358, 160
1442470242340, 1097682, 159
1442470243067, 1098409, 159
1442470243143, 1098485, 159
1442470245343, 1100685, 160
1442470246002, 1101344, 160
1442470248405, 1103747, 160
1442470248705, 1104047, 159
1442470249374, 1104716, 160
1442470249538, 1104880, 161
1442470251323, 1106665, 161
1442470251965, 1107307, 162
1442470253307, 1108649, 162
1442470254830, 1110172, 162
1442470254993, 1110335, 161
1442470257372, 1112714, 161
1442470257826, 1113168, 162
1442470260057, 1115399, 162
1442470260963, 1116305, 162
1442470261082, 1116424, 163
1442470263318, 1118660, 163
1442470263636, 1118978, 163
1442470264099, 1119441, 164
1442470264190, 1119532, 163
1442470264294, 1119636, 163
1442470264409, 1119751, 163
1442470265988, 1121330, 162
1442470268109, 1123451, 162
1442470268559, 1123901, 162
1442470268724, 1124066, 162
1442470271171, 1126513, 162
1442470271406, 1126748, 162
1442470272475, 1127817, 162
1442470274712, 1130054, 162
1442470275151, 1130493, 162
1442470275419, 1130761, 161
1442470278681, 1134023, 161
1442470278994, 1134336, 160
1442470280849, 1136191, 159
1442470281370, 1136712, 158
1442470282526, 1137868, 156
1442470284745, 1140087, 155
1442470284819, 1140161, 153
1442470287316, 1142658, 152
1442470288064, 1143406, 152
1442470288154, 1143496, 151
1442470290476, 1145818, 150
1442470290800, 1146142, 150
1442470291274, 1146616, 151
1442470292608, 1147950, 151
1442470295113, 1150455, 153
1442470295474, 1150816, 151
1442470295550, 1150892, 151
1442470297076, 1152418, 150
1442470297363, 1152705, 148
1442470297841, 1153183, 148
1442470300245, 1155587, 147
1442470301249, 1156591, 147
1442470301638, 1156980, 146
1442470304173, 1159515, 146
1442470304540, 1159882, 145
1442470304969, 1160311, 145
1442470307504, 1162846, 146
1442470309068, 1164410, 146
1442470309159, 1164501, 146
1442470311010, 1166352, 145
1442470311744, 1167086, 145
1442470312829, 1168171, 145
1442470314157, 1169499, 146
1442470314854, 1170196, 146
1442470314932, 1170274, 146
1442470316258, 1171600, 145
1442470316941, 1172283, 144
1442470317054, 1172396, 143
1442470318462, 1173804, 142
1442470318698, 1174040, 142
1442470319115, 1174457, 141
1442470322336, 1177678, 141
1442470322579, 1177921, 140
1442470323273, 1178615, 141
1442470325416, 1180758, 141
1442470325689, 1181031, 141
1442470326430, 1181772, 140
1442470328079, 1183421, 141
1442470328736, 1184078, 141
1442470328832, 1184174, 141
1442470331320, 1186662, 141
1442470331943, 1187285, 141
1442470332004, 1187346, 141
1442470334281, 1189623, 140
1442470334950, 1190292, 140
1442470335019, 1190361, 139
1442470337314, 1192656, 139
1442470337816, 1193158, 139
1442470339931, 1195273, 139
1442470340205, 1195547, 139
1442470340612, 1195954, 138
1442470342971, 1198313, 138
1442470343564, 1198906, 137
1442470343670, 1199012, 137
1442470346122, 1201464, 137
1442470348186, 1203528, 135
1442470348361, 1203703, 137
1442470348524, 1203866, 136
1442470351478, 1206820, 135
1442470352054, 1207396, 134
1442470352169, 1207511, 135
1442470354120, 1209462, 134
1442470354396, 1209738, 133
1442470354759, 1210101, 132
1442470357220, 1212562, 132
1442470357882, 1213224, 131
1442470357966, 1213308, 130
1442470360682, 1216024, 129
1442470361289, 1216631, 129
1442470361389, 1216731, 128
1442470363266, 1218608, 128
1442470363498, 1218840, 128
1442470365559, 1220901, 129
1442470366864, 1222206, 128
1442470367017, 1222359, 129
1442470368337, 1223679, 128
1442470368711, 1224053, 129
1442470369171, 1224513, 130
1442470370811, 1226153, 131
1442470371838, 1227180, 131
1442470372013, 1227355, 132
1442470375063, 1230405, 134
1442470375674, 1231016, 135
1442470377341, 1232683, 137
1442470377778, 1233120, 139
1442470378188, 1233530, 140
1442470380214, 1235556, 141
1442470381066, 1236408, 143
1442470381200, 1236542, 144
1442470383556, 1238898, 146
1442470383694, 1239036, 146
1442470386129, 1241471, 149
1442470386437, 1241779, 150
1442470386889, 1242231, 152
1442470389445, 1244787, 153
1442470389805, 1245147, 155
1442470390259, 1245601, 156
1442470390353, 1245695, 157
1442470390469, 1245811, 157
1442470390627, 1245969, 158
1442470390698, 1246040, 159
1442470391316, 1246658, 159
1442470393089, 1248431, 160
1442470393524, 1248866, 161
1442470393688, 1249030, 161
1442470395734, 1251076, 162
1442470396019, 1251361, 162
1442470396427, 1251769, 162
1442470399331, 1254673, 162
1442470400447, 1255789, 163
1442470400539, 1255881, 163
1442470402458, 1257800, 163
1442470403065, 1258407, 163
1442470404933, 1260275, 164
1442470405468, 1260810, 164
1442470406124, 1261466, 164
1442470408227, 1263569, 165
1442470408625, 1263967, 165
1442470409017, 1264359, 165
1442470410105, 1265447, 165
1442470411168, 1266510, 165
1442470411674, 1267016, 166
1442470411825, 1267167, 167
1442470414221, 1269563, 168
1442470414794, 1270136, 168
1442470415008, 1270350, 168
1442470417187, 1272529, 169
1442470417853, 1273195, 170
1442470419185, 1274527, 170
1442470419881, 1275223, 170
1442470419991, 1275333, 170
1442470422298, 1277640, 170
1442470422865, 1278207, 170
1442470422949, 1278291, 170
1442470425399, 1280741, 170
1442470425672, 1281014, 168
1442470426099, 1281441, 168
1442470427455, 1282797, 166
1442470428140, 1283482, 166
1442470428290, 1283632, 165
1442470429712, 1285054, 164
1442470430194, 1285536, 163
1442470430321, 1285663, 162
1442470431609, 1286951, 161
1442470431923, 1287265, 160
1442470433262, 1288604, 160
1442470434109, 1289451, 160
1442470434248, 1289590, 159
1442470435545, 1290887, 158
1442470435968, 1291310, 157
1442470436376, 1291718, 156
1442470437702, 1293044, 155
1442470438030, 1293372, 155
1442470438397, 1293739, 154
1442470439426, 1294768, 154
1442470440290, 1295632, 154
1442470440380, 1295722, 154
1442470441755, 1297097, 154
1442470442382, 1297724, 153
1442470442452, 1297794, 153
1442470443877, 1299219, 152
1442470444596, 1299938, 152
1442470445762, 1301104, 152
1442470446013, 1301355, 151
1442470446321, 1301663, 151
1442470446756, 1302098, 151
1442470448109, 1303451, 151
1442470449235, 1304577, 150
1442470449306, 1304648, 150
1442470452190, 1307532, 150
1442470454074, 1309416, 151
1442470454290, 1309632, 150
1442470456440, 1311782, 149
1442470457166, 1312508, 148
1442470457269, 1312611, 147
1442470458664, 1314006, 146
1442470459095, 1314437, 145
1442470459583, 1314925, 144
1442470460767, 1316109, 145
1442470462409, 1317751, 145
1442470462864, 1318206, 146
1442470463987, 1319329, 147
1442470466774, 1322116, 147
1442470467249, 1322591, 146
1442470468421, 1323763, 145
1442470470041, 1325383, 145
1442470470388, 1325730, 143
1442470470611, 1325953, 144
1442470473580, 1328922, 142
1442470473831, 1329173, 142
1442470477806, 1333148, 142
1442470478415, 1333757, 140
1442470478527, 1333869, 140
1442470481228, 1336570, 139
1442470481899, 1337241, 139
1442470482089, 1337431, 140
1442470482237, 1337579, 141
1442470485833, 1341175, 142
1442470486361, 1341703, 144
1442470488803, 1344145, 144
1442470489298, 1344640, 146
1442470489995, 1345337, 146
1442470492223, 1347565, 149
1442470492853, 1348195, 149
1442470492976, 1348318, 152
1442470495001, 1350343, 155
1442470495748, 1351090, 156
1442470495885, 1351227, 157
1442470496029, 1351371, 158
1442470496117, 1351459, 157
1442470496224, 1351566, 160
1442470496426, 1351768, 162
1442470496605, 1351947, 163
1442470496775, 1352117, 163
1442470496909, 1352251, 163
1442470497117, 1352459, 164
1442470497228, 1352570, 163
1442470497407, 1352749, 164
1442470497542, 1352884, 165
1442470497652, 1352994, 165
1442470498424, 1353766, 166
1442470498533, 1353875, 166
1442470498749, 1354091, 167
1442470498943, 1354285, 168
1442470499302, 1354644, 169
1442470499472, 1354814, 169
1442470499648, 1354990, 169
1442470499754, 1355096, 170
1442470499891, 1355233, 171
1442470499998, 1355340, 171
1442470500063, 1355405, 172
1442470500171, 1355513, 172
1442470500291, 1355633, 173
1442470500367, 1355709, 173
1442470502086, 1357428, 173
1442470502362, 1357704, 173
1442470502976, 1358318, 173
1442470503131, 1358473, 173
1442470503233, 1358575, 173
1442470503350, 1358692, 172
1442470503539, 1358881, 173
1442470503777, 1359119, 173
1442470507085, 1362427, 173
1442470507351, 1362693, 173
1442470509003, 1364345, 173
1442470509905, 1365247, 173
1442470510943, 1366285, 173
1442470512293, 1367635, 173
1442470512740, 1368082, 173
1442470512953, 1368295, 173
1442470515497, 1370839, 174
1442470515997, 1371339, 174
1442470516169, 1371511, 174
1442470520004, 1375346, 174
1442470520681, 1376023, 173
1442470522807, 1378149, 174
1442470523449, 1378791, 174
1442470525344, 1380686, 174
1442470525765, 1381107, 174
1442470526226, 1381568, 174
1442470528305, 1383647, 174
1442470529188, 1384530, 175
1442470529312, 1384654, 174
1442470532192, 1387534, 174
1442470532913, 1388255, 174
1442470535381, 1390723, 175
1442470535703, 1391045, 175
1442470536151, 1391493, 174
1442470537899, 1393241, 173
1442470538265, 1393607, 173
1442470538721, 1394063, 173
1442470541053, 1396395, 172
1442470541538, 1396880, 172
1442470541994, 1397336, 171
1442470542177, 1397519, 170
1442470544378, 1399720, 169
1442470544630, 1399972, 168
1442470545035, 1400377, 167
1442470547305, 1402647, 166
1442470548019, 1403361, 166
1442470548208, 1403550, 165
1442470548318, 1403660, 164
1442470551255, 1406597, 164
1442470551930, 1407272, 164
1442470552034, 1407376, 163
1442470554991, 1410333, 162
1442470555366, 1410708, 161
1442470555793, 1411135, 160
1442470556838, 1412180, 159
1442470557473, 1412815, 159
1442470557911, 1413253, 157
1442470558137, 1413479, 157
1442470562016, 1417358, 156
1442470562579, 1417921, 156
1442470563327, 1418669, 156
1442470565957, 1421299, 156
1442470566208, 1421550, 154
1442470568785, 1424127, 154
1442470569674, 1425016, 152
1442470571411, 1426753, 150
1442470572221, 1427563, 151
1442470574008, 1429350, 150
1442470574489, 1429831, 149
1442470575178, 1430520, 149
1442470575341, 1430683, 148
1442470579307, 1434649, 148
1442470580089, 1435431, 147
1442470580225, 1435567, 147
1442470582521, 1437863, 147
1442470582885, 1438227, 149
1442470583403, 1438745, 149
1442470583963, 1439305, 148
1442470586418, 1441760, 147
1442470586739, 1442081, 145
1442470588211, 1443553, 145
1442470589124, 1444466, 144
1442470591040, 1446382, 143
1442470591129, 1446471, 143
1442470592201, 1447543, 141
1442470592535, 1447877, 139
1442470592915, 1448257, 139
1442470594260, 1449602, 139
1442470594960, 1450302, 138
1442470595029, 1450371, 138
1442470597338, 1452680, 138
1442470599000, 1454342, 137
1442470599328, 1454670, 138
1442470602182, 1457524, 137
1442470602418, 1457760, 137
1442470602528, 1457870, 137
1442470603069, 1458411, 136
1442470606184, 1461526, 136
1442470608615, 1463957, 136
1442470609983, 1465325, 135
1442470610817, 1466159, 134
1442470610903, 1466245, 134
1442470611004, 1466346, 134
1442470611084, 1466426, 133
1442470612324, 1467666, 134
1442470613113, 1468455, 133
1442470613308, 1468650, 133
1442470614704, 1470046, 133
1442470616154, 1471496, 133
1442470616645, 1471987, 136
1442470618505, 1473847, 138
1442470619258, 1474600, 137
1442470619329, 1474671, 137
1442470622370, 1477712, 138
1442470622890, 1478232, 139
1442470623424, 1478766, 139
1442470623534, 1478876, 141
1442470625417, 1480759, 143
1442470626091, 1481433, 145
1442470626156, 1481498, 145
1442470628608, 1483950, 147
1442470628842, 1484184, 149
1442470629283, 1484625, 151
1442470631359, 1486701, 154
1442470635059, 1490401, 154
1442470635764, 1491106, 156
1442470635844, 1491186, 157
1442470637783, 1493125, 158
1442470642135, 1497477, 159
1442470642223, 1497565, 159
1442470643403, 1498745, 159
1442470643732, 1499074, 159
1442470644292, 1499634, 161
1442470645508, 1500850, 160
1442470646041, 1501383, 159
1442470646644, 1501986, 159
1442470648936, 1504278, 159
1442470649609, 1504951, 160
1442470649727, 1505069, 159
1442470649803, 1505145, 158
1442470649947, 1505289, 159
1442470650055, 1505397, 157
1442470653825, 1509167, 156
1442470654595, 1509937, 155
1442470656971, 1512313, 155
1442470657304, 1512646, 154
1442470657823, 1513165, 153
1442470661908, 1517250, 153
1442470662536, 1517878, 152
1442470663543, 1518885, 151
1442470665559, 1520901, 150
1442470665694, 1521036, 149
1442470670239, 1525581, 148
1442470670840, 1526182, 147
1442470673184, 1528526, 146
1442470673446, 1528788, 146
1442470673894, 1529236, 145
1442470674005, 1529347, 145
1442470674130, 1529472, 144
1442470674188, 1529530, 145
1442470674304, 1529646, 145
1442470675339, 1530681, 145
1442470676572, 1531914, 144
1442470676692, 1532034, 142
1442470680222, 1535564, 142
1442470680525, 1535867, 140
1442470681242, 1536584, 138
1442470683305, 1538647, 136
1442470683689, 1539031, 135
1442470684091, 1539433, 134
1442470684358, 1539700, 135
1442470686854, 1542196, 137
1442470687113, 1542455, 137
1442470687347, 1542689, 135
1442470689526, 1544868, 135
1442470689953, 1545295, 135
1442470690062, 1545404, 133
1442470691529, 1546871, 131
1442470692050, 1547392, 130
1442470692176, 1547518, 128
1442470695255, 1550597, 129
1442470695980, 1551322, 128
1442470697086, 1552428, 127
1442470698879, 1554221, 127
1442470699038, 1554380, 126
1442470700538, 1555880, 126
1442470701288, 1556630, 126
1442470702666, 1558008, 126
1442470703029, 1558371, 127
1442470703530, 1558872, 126
1442470703776, 1559118, 126
1442470705773, 1561115, 126
1442470706348, 1561690, 125
1442470706493, 1561835, 125
1442470709330, 1564672, 126
1442470709880, 1565222, 126
1442470710081, 1565423, 125
1442470711347, 1566689, 125
1442470712049, 1567391, 125
1442470713829, 1569171, 123
1442470714882, 1570224, 124
1442470715704, 1571046, 124
1442470715913, 1571255, 125
1442470719198, 1574540, 126
1442470719552, 1574894, 126
1442470721740, 1577082, 127
1442470722737, 1578079, 127
1442470724191, 1579533, 126
1442470724674, 1580016, 126
1442470725127, 1580469, 126
1442470727851, 1583193, 126
1442470728541, 1583883, 126
1442470728634, 1583976, 125
1442470729826, 1585168, 125
1442470730457, 1585799, 125
1442470731460, 1586802, 125
1442470732310, 1587652, 125
1442470732393, 1587735, 125
1442470733347, 1588689, 125
1442470733794, 1589136, 126
1442470734153, 1589495, 127
1442470734271, 1589613, 128
1442470735436, 1590778, 128
1442470735762, 1591104, 128
1442470736113, 1591455, 126
1442470737201, 1592543, 125
1442470737585, 1592927, 125
1442470737912, 1593254, 124
1442470739232, 1594574, 124
1442470739772, 1595114, 125
1442470739858, 1595200, 126
1442470741159, 1596501, 127
1442470741508, 1596850, 127
1442470741998, 1597340, 127
1442470743254, 1598596, 127
1442470743601, 1598943, 126
1442470744024, 1599366, 126
1442470745365, 1600707, 127
1442470745909, 1601251, 127
1442470746052, 1601394, 126
1442470747327, 1602669, 126
1442470747850, 1603192, 126
1442470747929, 1603271, 125
1442470749008, 1604350, 124
1442470749515, 1604857, 124
1442470750209, 1605551, 124
1442470750304, 1605646, 123
1442470750402, 1605744, 123
1442470750535, 1605877, 124
1442470750584, 1605926, 124
1442470750641, 1605983, 126
1442470750757, 1606099, 128
1442470750836, 1606178, 130
1442470751243, 1606585, 131
1442470751487, 1606829, 133
1442470751609, 1606951, 136
1442470751721, 1607063, 137
1442470751793, 1607135, 140
1442470751862, 1607204, 143
1442470751949, 1607291, 145
1442470751989, 1607331, 148
1442470752069, 1607411, 149
1442470752123, 1607465, 152
1442470752219, 1607561, 154
1442470752291, 1607633, 156
1442470752364, 1607706, 156
1442470752449, 1607791, 159
1442470752548, 1607890, 160
1442470752630, 1607972, 160
1442470752723, 1608065, 160
1442470752788, 1608130, 159
1442470752864, 1608206, 158
1442470753722, 1609064, 158
1442470753836, 1609178, 156
1442470753975, 1609317, 155
1442470754062, 1609404, 154
1442470754172, 1609514, 152
1442470754251, 1609593, 150
1442470754358, 1609700, 148
1442470754434, 1609776, 148
1442470754546, 1609888, 147
1442470754643, 1609985, 146
1442470754774, 1610116, 145
1442470754818, 1610160, 144
1442470754909, 1610251, 144
1442470755014, 1610356, 143
1442470755118, 1610460, 142
1442470755251, 1610593, 142
1442470755395, 1610737, 142
1442470755500, 1610842, 142
1442470755657, 1610999, 142
1442470755752, 1611094, 141
1442470755896, 1611238, 140
1442470755994, 1611336, 139
1442470756147, 1611489, 139
1442470756285, 1611627, 138
1442470756336, 1611678, 138
1442470756418, 1611760, 138
1442470756579, 1611921, 137
1442470756671, 1612013, 137
1442470756714, 1612056, 135
1442470757611, 1612953, 134
1442470757741, 1613083, 134
1442470758493, 1613835, 132
1442470759390, 1614732, 130
1442470760388, 1615730, 130
1442470761385, 1616727, 130
1442470762380, 1617722, 131
1442470763378, 1618720, 132
1442470764377, 1619719, 133
1442470765374, 1620716, 131
1442470766372, 1621714, 131
1442470767488, 1622830, 130
1442470768491, 1623833, 129
1442470769390, 1624732, 130
1442470770387, 1625729, 131
1442470771485, 1626827, 130
1442470772490, 1627832, 129
1442470773499, 1628841, 128
1442470774490, 1629832, 127
1442470775498, 1630840, 128
1442470776492, 1631834, 127
1442470777495, 1632837, 127
1442470778498, 1633840, 126
1442470779489, 1634831, 125
1442470780486, 1635828, 125
1442470781493, 1636835, 124
1442470782490, 1637832, 125
1442470783490, 1638832, 124
1442470784489, 1639831, 124
1442470785490, 1640832, 125
1442470786500, 1641842, 125
1442470787490, 1642832, 125
1442470788500, 1643842, 125
1442470789492, 1644834, 127
1442470790491, 1645833, 127
1442470791492, 1646834, 127
1442470792490, 1647832, 125
1442470793483, 1648825, 125
1442470794482, 1649824, 124
1442470795482, 1650824, 124
1442470796480, 1651822, 123
1442470797475, 1652817, 122
1442470798467, 1653809, 122
1442470799470, 1654812, 121
1442470800367, 1655709, 121
1442470801468, 1656810, 121
1442470802460, 1657802, 120
1442470803460, 1658802, 121
1442470804460, 1659802, 122
1442470805453, 1660795, 122
1442470806444, 1661786, 123
1442470807445, 1662787, 123
1442470808446, 1663788, 122
1442470809941, 1665283, 122
1442470810941, 1666283, 120
1442470811937, 1667279, 120
1442470812942, 1668284, 120
1442470813934, 1669276, 119
1442470814830, 1670172, 120
1442470815827, 1671169, 119
1442470816826, 1672168, 119
1442470817815, 1673157, 119
1442470820056, 1675398, 118
1442470820561, 1675903, 118
1442470820811, 1676153, 118
1442470821808, 1677150, 117
1442470822806, 1678148, 119
1442470823895, 1679237, 120
1442470824895, 1680237, 120
1442470825891, 1681233, 120
1442470826797, 1682139, 121
1442470827886, 1683228, 120
1442470828883, 1684225, 121
1442470829881, 1685223, 120
1442470830881, 1686223, 120
1442470831785, 1687127, 120
1442470832782, 1688124, 119
1442470833781, 1689123, 121
1442470834776, 1690118, 121
1442470835774, 1691116, 121
1442470836849, 1692191, 122
1442470837858, 1693200, 121
1442470838971, 1694313, 122
1442470839764, 1695106, 122
1442470840761, 1696103, 121
1442470841542, 1696884, 123
1442470841731, 1697073, 122
1442470842661, 1698003, 122
1442470843657, 1698999, 122
1442470844752, 1700094, 121
1442470846481, 1701823, 122
1442470847483, 1702825, 121
1442470848484, 1703826, 121
1442470849578, 1704920, 121
1442470850666, 1706008, 120
1442470851671, 1707013, 120
1442470852662, 1708004, 121
1442470853730, 1709072, 120
1442470854765, 1710107, 121
1442470855813, 1711155, 121
1442470856813, 1712155, 120
1442470857814, 1713156, 121
1442470858715, 1714057, 121
1442470859714, 1715056, 122
1442470860710, 1716052, 122
1442470861705, 1717047, 122
1442470862706, 1718048, 121
1442470863725, 1719067, 120
1442470864795, 1720137, 120
1442470865793, 1721135, 118
1442470866791, 1722133, 117
1442470867693, 1723035, 118
1442470868788, 1724130, 117
1442470869780, 1725122, 118
1442470871392, 1726734, 118
1442470871681, 1727023, 117
1442470872684, 1728026, 117
1442470873681, 1729023, 117
1442470874677, 1730019, 119
1442470875674, 1731016, 120
1442470876676, 1732018, 119
1442470877675, 1733017, 117
1442470878666, 1734008, 117
1442470879667, 1735009, 117
1442470880665, 1736007, 116
1442470881662, 1737004, 117
1442470882659, 1738001, 116
1442470884019, 1739361, 116
1442470884662, 1740004, 117
1442470885750, 1741092, 116
1442470886748, 1742090, 117
1442470887646, 1742988, 116
1442470888644, 1743986, 116
1442470889741, 1745083, 115
1442470890639, 1745981, 115
1442470891636, 1746978, 116
1442470892634, 1747976, 116
1442470893732, 1749074, 116
1442470894727, 1750069, 116
1442470895760, 1751102, 115
1442470896732, 1752074, 117
1442470897622, 1752964, 115
1442470898619, 1753961, 115
1442470899723, 1755065, 114
1442470900716, 1756058, 114
1442470901717, 1757059, 113
1442470902714, 1758056, 114
1442470903713, 1759055, 116
1442470904702, 1760044, 115
1442470905702, 1761044, 115
1442470906698, 1762040, 116
1442470907702, 1763044, 116
1442470908693, 1764035, 117
1442470909698, 1765040, 117
1442470910695, 1766037, 116
1442470911685, 1767027, 115
1442470912683, 1768025, 115
1442470913679, 1769021, 114
1442470914680, 1770022, 115
1442470915682, 1771024, 115
1442470916673, 1772015, 115
1442470917677, 1773019, 115
1442470918665, 1774007, 116
1442470919674, 1775016, 116
1442470920672, 1776014, 116
1442470921668, 1777010, 116
1442470922664, 1778006, 117
1442470923661, 1779003, 116
1442470924655, 1779997, 117
1442470925657, 1780999, 117
1442470926651, 1781993, 119
1442470927642, 1782984, 119
1442470928645, 1783987, 119
1442470929638, 1784980, 118
1442470930640, 1785982, 118
1442470931647, 1786989, 117
1442470932641, 1787983, 116
1442470933636, 1788978, 117
1442470934530, 1789872, 117
1442470935523, 1790865, 117
1442470936521, 1791863, 118
1442470938013, 1793355, 119
1442470940315, 1795657, 118
1442470941140, 1796482, 118
1442470941314, 1796656, 118
1442470941378, 1796720, 118
1442470942101, 1797443, 116
1442470943100, 1798442, 115
1442470944487, 1799829, 115
1442470945489, 1800831, 117
1442470946551, 1801893, 117
1442470947648, 1802990, 117
1442470948637, 1803979, 116
1442470949635, 1804977, 116
1442470950782, 1806124, 116
1442470951780, 1807122, 116
1442470952778, 1808120, 116
1442470953849, 1809191, 116
1442470954846, 1810188, 116
1442470955843, 1811185, 117
1442470956937, 1812279, 116
1442470957931, 1813273, 116
1442470958837, 1814179, 115
1442470959834, 1815176, 115
1442470960827, 1816169, 116
1442470961829, 1817171, 115
1442470962918, 1818260, 117
1442470963921, 1819263, 117
1442470964820, 1820162, 118
1442470965911, 1821253, 119
1442470966971, 1822313, 118
1442470967905, 1823247, 119
1442470968811, 1824153, 119
1442470969840, 1825182, 120
1442470970901, 1826243, 120
1442470971895, 1827237, 121
1442470972802, 1828144, 121
1442470973798, 1829140, 119
1442470974796, 1830138, 119
1442470975794, 1831136, 117
1442470976885, 1832227, 117
1442470977790, 1833132, 116
1442470978806, 1834148, 115
1442470979833, 1835175, 116
1442470980839, 1836181, 116
1442470981827, 1837169, 118
1442470982825, 1838167, 120
1442470983914, 1839256, 120
1442470984915, 1840257, 121
1442470985912, 1841254, 121
1442470986814, 1842156, 123
1442470987813, 1843155, 123
1442470988905, 1844247, 123
1442470989902, 1845244, 123
1442470990896, 1846238, 123
1442470991802, 1847144, 124
1442470992893, 1848235, 124
1442470993893, 1849235, 123
1442470994794, 1850136, 123
1442470995792, 1851134, 123
1442470996789, 1852131, 122
1442470997878, 1853220, 123
1442470998880, 1854222, 123
1442470999878, 1855220, 123
1442471000779, 1856121, 125
1442471001822, 1857164, 125
1442471002775, 1858117, 124
1442471003772, 1859114, 123
1442471004794, 1860136, 123
1442471005789, 1861131, 123
1442471006882, 1862224, 122
1442471007911, 1863253, 122
1442471008879, 1864221, 120
1442471009785, 1865127, 121
1442471010872, 1866214, 120
1442471011868, 1867210, 119
1442471012868, 1868210, 120
1442471013866, 1869208, 119
1442471014769, 1870111, 120
1442471015766, 1871108, 120
1442471016763, 1872105, 121
1442471017761, 1873103, 120
1442471018758, 1874100, 121
1442471019829, 1875171, 121
1442471020798, 1876140, 120
1442471021796, 1877138, 120
1442471022877, 1878219, 120
1442471023791, 1879133, 120
1442471024788, 1880130, 119
1442471025876, 1881218, 120
1442471026783, 1882125, 120
1442471027781, 1883123, 120
1442471028834, 1884176, 121
1442471029870, 1885212, 121
1442471030865, 1886207, 122
1442471031863, 1887205, 122
1442471032766, 1888108, 123
1442471033857, 1889199, 121
1442471034858, 1890200, 122
1442471035860, 1891202, 120
1442471036759, 1892101, 121
1442471037851, 1893193, 121
1442471038751, 1894093, 121
1442471039751, 1895093, 122
1442471040749, 1896091, 123
1442471041746, 1897088, 124
1442471042840, 1898182, 123
1442471043750, 1899092, 123
1442471044798, 1900140, 121
1442471045747, 1901089, 121
1442471046745, 1902087, 120
1442471047833, 1903175, 119
1442471048836, 1904178, 120
1442471049835, 1905177, 121
1442471050734, 1906076, 121
1442471051826, 1907168, 123
1442471052822, 1908164, 123
1442471053814, 1909156, 124
1442471054724, 1910066, 124
1442471055730, 1911072, 122
1442471056812, 1912154, 121
1442471057811, 1913153, 119
1442471058714, 1914056, 116
1442471059712, 1915054, 116
1442471060800, 1916142, 116
1442471062206, 1917548, 118
1442471063299, 1918641, 121
1442471064201, 1919543, 123
1442471065198, 1920540, 124
1442471066195, 1921537, 125
1442471067189, 1922531, 125
1442471068286, 1923628, 125
1442471069280, 1924622, 126
1442471070277, 1925619, 126
1442471071183, 1926525, 125
1442471072271, 1927613, 125
1442471073273, 1928615, 124
1442471074267, 1929609, 124
1442471075172, 1930514, 123
1442471076210, 1931552, 122
1442471077260, 1932602, 124
1442471078254, 1933596, 126
1442471079253, 1934595, 128
1442471080159, 1935501, 127
1442471081158, 1936500, 126
1442471082155, 1937497, 122
1442471083247, 1938589, 119
1442471084150, 1939492, 117
1442471085170, 1940512, 117
1442471086145, 1941487, 117
1442471087263, 1942605, 118
1442471088141, 1943483, 121
1442471089136, 1944478, 122
1442471090133, 1945475, 126
1442471091221, 1946563, 129
1442471092222, 1947564, 130
1442471093128, 1948470, 132
1442471094130, 1949472, 135
1442471095214, 1950556, 137
1442471096212, 1951554, 140
1442471097118, 1952460, 141
1442471098115, 1953457, 142
1442471099208, 1954550, 141
1442471100110, 1955452, 141
1442471101105, 1956447, 140
1442471102104, 1957446, 138
1442471103102, 1958444, 139
1442471104194, 1959536, 137
1442471105191, 1960533, 136
1442471106094, 1961436, 135
1442471107092, 1962434, 135
1442471108135, 1963477, 134
1442471109087, 1964429, 134
1442471110085, 1965427, 133
1442471111083, 1966425, 133
1442471112080, 1967422, 133
1442471113173, 1968515, 133
1442471114245, 1969587, 133
1442471115169, 1970511, 132
1442471116165, 1971507, 132
1442471117159, 1972501, 131
1442471118156, 1973498, 131
1442471119158, 1974500, 132
1442471120151, 1975493, 131
1442471121057, 1976399, 132
1442471122146, 1977488, 131
1442471123053, 1978395, 131
1442471124050, 1979392, 131
1442471125048, 1980390, 130
1442471126045, 1981387, 130
1442471127134, 1982476, 130
1442471128132, 1983474, 130
1442471129037, 1984379, 129
1442471130036, 1985378, 129
1442471131032, 1986374, 129
1442471132037, 1987379, 129
1442471133120, 1988462, 127
1442471134025, 1989367, 127
1442471135093, 1990435, 126
1442471136020, 1991362, 124
1442471137114, 1992456, 122
1442471138111, 1993453, 122
1442471139105, 1994447, 122
1442471140010, 1995352, 122
1442471141105, 1996447, 122
1442471142101, 1997443, 122
1442471143002, 1998344, 122
1442471143999, 1999341, 120
1442471144997, 2000339, 120
1442471146091, 2001433, 119
1442471147090, 2002432, 118
1442471147989, 2003331, 118
1442471148987, 2004329, 119
1442471149985, 2005327, 119
1442471151080, 2006422, 118
1442471151982, 2007324, 119
1442471152978, 2008320, 120
1442471153976, 2009318, 123
1442471155070, 2010412, 125
1442471156066, 2011408, 125
1442471156965, 2012307, 126
1442471158058, 2013400, 127
1442471158963, 2014305, 128
1442471159959, 2015301, 129
1442471161052, 2016394, 129
1442471161967, 2017309, 129
1442471163048, 2018390, 129
1442471164044, 2019386, 128
1442471165041, 2020383, 126
1442471165944, 2021286, 124
1442471167039, 2022381, 122
1442471167940, 2023282, 121
1442471168937, 2024279, 121
1442471170029, 2025371, 122
1442471170945, 2026287, 122
1442471172025, 2027367, 124
1442471172927, 2028269, 123
1442471173970, 2029312, 122
1442471174922, 2030264, 121
1442471175920, 2031262, 123
1442471176917, 2032259, 123
1442471177915, 2033257, 122
1442471178912, 2034254, 120
1442471179909, 2035251, 118
1442471181003, 2036345, 116
1442471181989, 2037331, 114
1442471182998, 2038340, 113
1442471183902, 2039244, 114
1442471184897, 2040239, 117
1442471185894, 2041236, 119
1442471186988, 2042330, 117
1442471187891, 2043233, 110
1442471188887, 2044229, 110
1442471189979, 2045321, 107
1442471191381, 2046723, 100
1442471192376, 2047718, 99
1442471193377, 2048719, 102
1442471194374, 2049716, 106
1442471195370, 2050712, 110
1442471196368, 2051710, 114
1442471197458, 2052800, 116
1442471198462, 2053804, 117
1442471199362, 2054704, 116
1442471200361, 2055703, 115
1442471201449, 2056791, 115
1442471202451, 2057793, 113
1442471203442, 2058784, 111
1442471204348, 2059690, 108
1442471205442, 2060784, 108
1442471206436, 2061778, 109
1442471207436, 2062778, 109
1442471208430, 2063772, 111
1442471209336, 2064678, 114
1442471210333, 2065675, 115
1442471211422, 2066764, 113
1442471212427, 2067769, 112
1442471213326, 2068668, 110
1442471214323, 2069665, 110
1442471215403, 2070745, 110
1442471216317, 2071659, 111
1442471217315, 2072657, 113
1442471218312, 2073654, 113
1442471219406, 2074748, 111
1442471220404, 2075746, 109
1442471221411, 2076753, 109
1442471222306, 2077648, 107
1442471223392, 2078734, 107
1442471224389, 2079731, 107
1442471225387, 2080729, 109
1442471226391, 2081733, 110
1442471227290, 2082632, 112
1442471228288, 2083630, 113
1442471229285, 2084627, 112
1442471230283, 2085625, 110
1442471231279, 2086621, 107
1442471232366, 2087708, 107
1442471233370, 2088712, 107
1442471234363, 2089705, 107
1442471235364, 2090706, 108
1442471236267, 2091609, 107
1442471237361, 2092703, 108
1442471238357, 2093699, 106
1442471239353, 2094695, 107
1442471240258, 2095600, 105
1442471241255, 2096597, 106
1442471242253, 2097595, 105
1442471243245, 2098587, 107
1442471244247, 2099589, 106
1442471245245, 2100587, 106
1442471246333, 2101675, 105
1442471247335, 2102677, 103
1442471248334, 2103676, 103
1442471249237, 2104579, 104
1442471250731, 2106073, 106
1442471251230, 2106572, 107
1442471252313, 2107655, 107
1442471253317, 2108659, 107
1442471254222, 2109564, 107
1442471255316, 2110658, 107
1442471256312, 2111654, 107
1442471257215, 2112557, 107
1442471258212, 2113554, 107
1442471259242, 2114584, 106
1442471260303, 2115645, 106
1442471261297, 2116639, 108
1442471262297, 2117639, 109
1442471263200, 2118542, 110
1442471264288, 2119630, 110
1442471265694, 2121036, 110
1442471266197, 2121539, 108
1442471267191, 2122533, 104
1442471268203, 2123545, 103
1442471269278, 2124620, 101
1442471270273, 2125615, 98
1442471271277, 2126619, 94
1442471272177, 2127519, 92
1442471273272, 2128614, 92
1442471274173, 2129515, 94
1442471275167, 2130509, 94
1442471276169, 2131511, 91
1442471277166, 2132508, 91
1442471278258, 2133600, 95
1442471279254, 2134596, 99
1442471280255, 2135597, 100
1442471281156, 2136498, 102
1442471282246, 2137588, 104
1442471283247, 2138589, 106
1442471284244, 2139586, 106
1442471285237, 2140579, 103
1442471286143, 2141485, 100
1442471287141, 2142483, 98
1442471288138, 2143480, 97
1442471289135, 2144477, 98
1442471290133, 2145475, 97
1442471291223, 2146565, 98
1442471292220, 2147562, 97
1442471293218, 2148560, 97
1442471294123, 2149465, 97
1442471295122, 2150464, 97
1442471296116, 2151458, 99
1442471297117, 2152459, 100
1442471298212, 2153554, 101
1442471299110, 2154452, 101
1442471300204, 2155546, 100
1442471301196, 2156538, 100
1442471302195, 2157537, 101
1442471303193, 2158535, 102
1442471304096, 2159438, 104
1442471305188, 2160530, 105
1442471306190, 2161532, 107
1442471307185, 2162527, 111
1442471308088, 2163430, 115
1442471309163, 2164505, 117
1442471310179, 2165521, 121
1442471311081, 2166423, 123
1442471312078, 2167420, 126
1442471313075, 2168417, 126
1442471314165, 2169507, 125
1442471315166, 2170508, 122
1442471316068, 2171410, 121
1442471317067, 2172409, 120
1442471318063, 2173405, 120
1442471319560, 2174902, 121
1442471320649, 2175991, 122
1442471321646, 2176988, 121
1442471322648, 2177990, 121
1442471323644, 2178986, 119
1442471324547, 2179889, 119
1442471325636, 2180978, 120
1442471326638, 2181980, 123
1442471327633, 2182975, 124
1442471328537, 2183879, 122
1442471329631, 2184973, 121
1442471330627, 2185969, 118
1442471331624, 2186966, 117
1442471332527, 2187869, 117
1442471333524, 2188866, 117
1442471334614, 2189956, 118
1442471335612, 2190954, 121
1442471336614, 2191956, 123
1442471337516, 2192858, 124
1442471338513, 2193855, 123
1442471339560, 2194902, 123
1442471340506, 2195848, 121
1442471341504, 2196846, 121
1442471342501, 2197843, 120
1442471343589, 2198931, 121
1442471344587, 2199929, 119
1442471345590, 2200932, 120
1442471346494, 2201836, 121
1442471347567, 2202909, 122
1442471348577, 2203919, 121
1442471349581, 2204923, 119
1442471350580, 2205922, 117
1442471351479, 2206821, 116
1442471352477, 2207819, 116
1442471353475, 2208817, 116
1442471354473, 2209815, 118
1442471355470, 2210812, 118
1442471356529, 2211871, 116
1442471357557, 2212899, 113
1442471358556, 2213898, 113
1442471359958, 2215300, 106
1442471360471, 2215813, 105
1442471361455, 2216797, 108
1442471362452, 2217794, 111
1442471363536, 2218878, 115
1442471364448, 2219790, 112
1442471365959, 2221301, 111
1442471366441, 2221783, 107
1442471367536, 2222878, 105
1442471368533, 2223875, 104
1442471369434, 2224776, 105
1442471370523, 2225865, 105
1442471371524, 2226866, 106
1442471372523, 2227865, 105
1442471373424, 2228766, 106
1442471374445, 2229787, 105
1442471375515, 2230857, 103
1442471376513, 2231855, 97
1442471377414, 2232756, 95
1442471378412, 2233754, 95
1442471379501, 2234843, 95
1442471380502, 2235844, 95
1442471381498, 2236840, 95
1442471382403, 2237745, 94
1442471383443, 2238785, 94
1442471384397, 2239739, 94
1442471385395, 2240737, 93
1442471386483, 2241825, 94
1442471387389, 2242731, 94
1442471388479, 2243821, 93
1442471389479, 2244821, 94
1442471390473, 2245815, 93
1442471391380, 2246722, 91
1442471392377, 2247719, 92
1442471393472, 2248814, 90
1442471394467, 2249809, 92
1442471395465, 2250807, 93
1442471396368, 2251710, 94
1442471397360, 2252702, 94
1442471398436, 2253778, 93
1442471399410, 2254752, 93
1442471400451, 2255793, 93
1442471401354, 2256696, 93
1442471402446, 2257788, 94
1442471403346, 2258688, 96
1442471404343, 2259685, 96
1442471405346, 2260688, 98
1442471406436, 2261778, 97
1442471407431, 2262773, 97
1442471408429, 2263771, 96
1442471409431, 2264773, 96
1442471410389, 2265731, 97
1442471411425, 2266767, 98
1442471412329, 2267671, 98
1442471413324, 2268666, 101
1442471414321, 2269663, 102
1442471415318, 2270660, 102
1442471416317, 2271659, 103
1442471417311, 2272653, 104
1442471418313, 2273655, 103
1442471419313, 2274655, 102
1442471420308, 2275650, 101
1442471421304, 2276646, 99
1442471422302, 2277644, 99
1442471423301, 2278643, 98
1442471424298, 2279640, 97
1442471425298, 2280640, 95
1442471426307, 2281649, 93
1442471427290, 2282632, 91
1442471428286, 2283628, 90
1442471429285, 2284627, 90
1442471430283, 2285625, 90
1442471431280, 2286622, 90
1442471432276, 2287618, 90
1442471433272, 2288614, 90
1442471434269, 2289611, 90
1442471435268, 2290610, 90
1442471436266, 2291608, 91
1442471437268, 2292610, 91
1442471438261, 2293603, 92
1442471439261, 2294603, 93
1442471440258, 2295600, 92
1442471441258, 2296600, 92
1442471442263, 2297605, 93
1442471443341, 2298683, 93
1442471444343, 2299685, 95
1442471445245, 2300587, 99
1442471446241, 2301583, 100
1442471447240, 2302582, 104
1442471448232, 2303574, 104
1442471449825, 2305167, 103
1442471450823, 2306165, 101
1442471451825, 2307167, 100
1442471452728, 2308070, 99
1442471453808, 2309150, 99
1442471454813, 2310155, 100
1442471455825, 2311167, 100
1442471456781, 2312123, 101
1442471457713, 2313055, 101
1442471458807, 2314149, 102
1442471459709, 2315051, 102
1442471460707, 2316049, 103
1442471461704, 2317046, 104
1442471462701, 2318043, 105
1442471463793, 2319135, 106
1442471464791, 2320133, 107
1442471465786, 2321128, 107
1442471466690, 2322032, 107
1442471467688, 2323030, 104
1442471468787, 2324129, 104
1442471469683, 2325025, 104
1442471470681, 2326023, 105
1442471471679, 2327021, 106
1442471472676, 2328018, 107
1442471473689, 2329031, 109
1442471474673, 2330015, 108
1442471475667, 2331009, 107
1442471476761, 2332103, 106
1442471477759, 2333101, 105
1442471478758, 2334100, 105
1442471479659, 2335001, 106
1442471480655, 2335997, 106
1442471481747, 2337089, 107
1442471482743, 2338085, 106
1442471483649, 2338991, 104
1442471484646, 2339988, 104
1442471485739, 2341081, 105
1442471486737, 2342079, 106
1442471487805, 2343147, 108
1442471488636, 2343978, 107
1442471489666, 2345008, 107
1442471490630, 2345972, 106
1442471491628, 2346970, 106
1442471492718, 2348060, 107
1442471493624, 2348966, 108
1442471494713, 2350055, 109
1442471495713, 2351055, 111
1442471496717, 2352059, 112
1442471497705, 2353047, 112
1442471498610, 2353952, 112
1442471499700, 2355042, 112
1442471500703, 2356045, 110
1442471501699, 2357041, 110
1442471502602, 2357944, 110
1442471503599, 2358941, 95
1442471504597, 2359939, 93
1442471505593, 2360935, 92
1442471506683, 2362025, 95
1442471507587, 2362929, 95
1442471508676, 2364018, 99
1442471509676, 2365018, 103
1442471510791, 2366133, 104
1442471511579, 2366921, 107
1442471512666, 2368008, 106
1442471513669, 2369011, 106
1442471514662, 2370004, 107
1442471515666, 2371008, 108
1442471516565, 2371907, 110
1442471517658, 2373000, 113
1442471518652, 2373994, 116
1442471519559, 2374901, 117
1442471520567, 2375909, 118
1442471521554, 2376896, 119
1442471522551, 2377893, 120
1442471523639, 2378981, 120
1442471524643, 2379985, 120
1442471525543, 2380885, 119
1442471526637, 2381979, 119
1442471527634, 2382976, 121
1442471528629, 2383971, 122
1442471529534, 2384876, 121
1442471530602, 2385944, 117
1442471531624, 2386966, 117
1442471532621, 2387963, 104
1442471533619, 2388961, 100
1442471534521, 2389863, 97
1442471535519, 2390861, 97
1442471536609, 2391951, 102
1442471537607, 2392949, 107
1442471538511, 2393853, 108
1442471539564, 2394906, 111
1442471540602, 2395944, 113
1442471541599, 2396941, 112
1442471542595, 2397937, 113
1442471543499, 2398841, 114
1442471544590, 2399932, 114
1442471545586, 2400928, 112
1442471546589, 2401931, 105
1442471547488, 2402830, 101
1442471548486, 2403828, 99
1442471549480, 2404822, 99
1442471550481, 2405823, 102
1442471551572, 2406914, 104
1442471552475, 2407817, 106
1442471553570, 2408912, 106
1442471554563, 2409905, 107
1442471555605, 2410947, 108
1442471556467, 2411809, 109
1442471557488, 2412830, 109
1442471558553, 2413895, 108
1442471559555, 2414897, 102
1442471560549, 2415891, 101
1442471561454, 2416796, 99
1442471562451, 2417793, 101
1442471563450, 2418792, 103
1442471564448, 2419790, 105
1442471565537, 2420879, 107
1442471566447, 2421789, 111
1442471567534, 2422876, 105
1442471568530, 2423872, 105
1442471569529, 2424871, 105
1442471570430, 2425772, 105
1442471571523, 2426865, 92
1442471572524, 2427866, 89
1442471573519, 2428861, 89
1442471574513, 2429855, 94
1442471575418, 2430760, 95
1442471576916, 2432258, 97
1442471577967, 2433309, 101
1442471579004, 2434346, 103
1442471579908, 2435250, 108
1442471580905, 2436247, 112
1442471581919, 2437261, 114
1442471582899, 2438241, 113
1442471583993, 2439335, 109
1442471584989, 2440331, 107
1442471585892, 2441234, 105
1442471586926, 2442268, 104
1442471587985, 2443327, 104
1442471588983, 2444325, 104
1442471589975, 2445317, 106
1442471590879, 2446221, 108
1442471591971, 2447313, 110
1442471592870, 2448212, 112
1442471593875, 2449217, 114
1442471594961, 2450303, 115
1442471595883, 2451225, 116
1442471596865, 2452207, 115
1442471597862, 2453204, 114
1442471598952, 2454294, 110
1442471599857, 2455199, 107
1442471600947, 2456289, 106
1442471601852, 2457194, 105
1442471602850, 2458192, 105
1442471603864, 2459206, 102
1442471604845, 2460187, 102
1442471605938, 2461280, 101
1442471606932, 2462274, 103
1442471607929, 2463271, 104
1442471608831, 2464173, 105
1442471609927, 2465269, 105
1442471610920, 2466262, 102
1442471611920, 2467262, 100
1442471612920, 2468262, 97
1442471613822, 2469164, 98
1442471614912, 2470254, 98
1442471615913, 2471255, 99
1442471616906, 2472248, 100
1442471617812, 2473154, 101
1442471618810, 2474152, 98
1442471619899, 2475241, 95
1442471620896, 2476238, 93
1442471621898, 2477240, 95
1442471622800, 2478142, 96
1442471623797, 2479139, 99
1442471624795, 2480137, 102
1442471625792, 2481134, 103
1442471626794, 2482136, 102
1442471627883, 2483225, 99
1442471628878, 2484220, 97
1442471629880, 2485222, 92
1442471630871, 2486213, 89
1442471631777, 2487119, 92
1442471632869, 2488211, 95
1442471633867, 2489209, 97
1442471634863, 2490205, 100
1442471635766, 2491108, 101
1442471636844, 2492186, 104
1442471637860, 2493202, 105
1442471638856, 2494198, 103
1442471639764, 2495106, 102
1442471640756, 2496098, 96
1442471641844, 2497186, 96
1442471642845, 2498187, 88
1442471643838, 2499180, 87
1442471644745, 2500087, 89
1442471645808, 2501150, 91
1442471646740, 2502082, 93
1442471647738, 2503080, 94
1442471648730, 2504072, 96
1442471649730, 2505072, 96
1442471650823, 2506165, 95
1442471651753, 2507095, 95
1442471652820, 2508162, 94
1442471653723, 2509065, 88
1442471654771, 2510113, 87
1442471655717, 2511059, 85
1442471656715, 2512057, 84
1442471657809, 2513151, 85
1442471658709, 2514051, 87
1442471659802, 2515144, 88
1442471660705, 2516047, 87
1442471661702, 2517044, 86
1442471662766, 2518108, 85
1442471663697, 2519039, 81
1442471664696, 2520038, 80
1442471665785, 2521127, 82
1442471666785, 2522127, 83
1442471667688, 2523030, 83
1442471668685, 2524027, 85
1442471669682, 2525024, 85
1442471670680, 2526022, 85
1442471671678, 2527020, 85
1442471672686, 2528028, 84
1442471673769, 2529111, 82
1442471674767, 2530109, 84
1442471675760, 2531102, 84
1442471676666, 2532008, 84
1442471677755, 2533097, 86
1442471678661, 2534003, 89
1442471679658, 2535000, 91
1442471680751, 2536093, 92
1442471681652, 2536994, 91
1442471682744, 2538086, 90
1442471683743, 2539085, 87
1442471684646, 2539988, 86
1442471685643, 2540985, 87
1442471686736, 2542078, 85
1442471687735, 2543077, 85
1442471688729, 2544071, 88
1442471689633, 2544975, 89
1442471690631, 2545973, 90
1442471691627, 2546969, 89
1442471692624, 2547966, 88
1442471693720, 2549062, 88
1442471694619, 2549961, 88
1442471695713, 2551055, 88
1442471696706, 2552048, 89
1442471697708, 2553050, 91
1442471698701, 2554043, 90
1442471699609, 2554951, 90
1442471700602, 2555944, 91
1442471701697, 2557039, 90
1442471702693, 2558035, 90
1442471703597, 2558939, 91
1442471704689, 2560031, 91
1442471706090, 2561432, 91
1442471707088, 2562430, 90
1442471708085, 2563427, 90
1442471709087, 2564429, 92
1442471710081, 2565423, 94
1442471711077, 2566419, 93
1442471712073, 2567415, 92
1442471713072, 2568414, 90
1442471714070, 2569412, 88
1442471715067, 2570409, 89
1442471716161, 2571503, 88
1442471717160, 2572502, 88
1442471718154, 2573496, 88
1442471719060, 2574402, 87
1442471720055, 2575397, 84
1442471721054, 2576396, 85
1442471722050, 2577392, 84
1442471723144, 2578486, 84
1442471724045, 2579387, 85
1442471725134, 2580476, 85
1442471726131, 2581473, 85
1442471727130, 2582472, 86
1442471728133, 2583475, 87
1442471729063, 2584405, 87
1442471730030, 2585372, 88
1442471731124, 2586466, 89
1442471732120, 2587462, 90
1442471733023, 2588365, 90
1442471734020, 2589362, 90
1442471735018, 2590360, 87
1442471736012, 2591354, 86
1442471737013, 2592355, 87
1442471738011, 2593353, 87
1442471739100, 2594442, 87
1442471740003, 2595345, 89
1442471741100, 2596442, 89
1442471742000, 2597342, 88
1442471743089, 2598431, 88
1442471744091, 2599433, 87
1442471745088, 2600430, 87
1442471746086, 2601428, 88
1442471746986, 2602328, 88
1442471748081, 2603423, 87
1442471749079, 2604421, 88
1442471749981, 2605323, 90
1442471750978, 2606320, 90
1442471752047, 2607389, 90
1442471753067, 2608409, 90
1442471754066, 2609408, 89
1442471755059, 2610401, 90
1442471755965, 2611307, 88
1442471757059, 2612401, 88
1442471758051, 2613393, 88
1442471759054, 2614396, 89
1442471759956, 2615298, 91
1442471761009, 2616351, 92
1442471762042, 2617384, 93
1442471763039, 2618381, 92
1442471763945, 2619287, 92
1442471764942, 2620284, 92
1442471766032, 2621374, 90
1442471766938, 2622280, 91
1442471767935, 2623277, 92
1442471768934, 2624276, 94
1442471769932, 2625274, 96
1442471771024, 2626366, 98
1442471772019, 2627361, 96
1442471773014, 2628356, 96
1442471773920, 2629262, 97
1442471775074, 2630416, 97
1442471775915, 2631257, 97
1442471776916, 2632258, 97
1442471778007, 2633349, 94
1442471778924, 2634266, 94
1442471779999, 2635341, 94
1442471780997, 2636339, 82
1442471781992, 2637334, 83
1442471782898, 2638240, 84
1442471783982, 2639324, 88
1442471784893, 2640235, 90
1442471785891, 2641233, 93
1442471786891, 2642233, 95
1442471787885, 2643227, 93
1442471788884, 2644226, 87
1442471789880, 2645222, 86
1442471790874, 2646216, 84
1442471791876, 2647218, 84
1442471792966, 2648308, 85
1442471793871, 2649213, 87
1442471794868, 2650210, 88
1442471795961, 2651303, 90
1442471796862, 2652204, 90
1442471797953, 2653295, 89
1442471798952, 2654294, 88
1442471799950, 2655292, 87
1442471800852, 2656194, 86
1442471801946, 2657288, 86
1442471802944, 2658286, 85
1442471803936, 2659278, 84
1442471804936, 2660278, 86
1442471805840, 2661182, 86
1442471806838, 2662180, 89
1442471807836, 2663178, 89
1442471808833, 2664175, 89
1442471809830, 2665172, 88
1442471810827, 2666169, 88
1442471811826, 2667168, 89
1442471812840, 2668182, 90
1442471813820, 2669162, 91
1442471814818, 2670160, 92
1442471815909, 2671251, 92
1442471816910, 2672252, 90
1442471817903, 2673245, 90
1442471819401, 2674743, 89
1442471819805, 2675147, 89
1442471820900, 2676242, 92
1442471821893, 2677235, 92
1442471822895, 2678237, 92
1442471823795, 2679137, 92
1442471824889, 2680231, 90
1442471825887, 2681229, 89
1442471826788, 2682130, 89
1442471827786, 2683128, 90
1442471828849, 2684191, 89
1442471829878, 2685220, 90
1442471830875, 2686217, 91
1442471831775, 2687117, 92
1442471832773, 2688115, 92
1442471833772, 2689114, 91
1442471835275, 2690617, 89
1442471836361, 2691703, 87
1442471837358, 2692700, 87
1442471838351, 2693693, 87
1442471839257, 2694599, 88
1442471840255, 2695597, 89
1442471841344, 2696686, 89
1442471842341, 2697683, 89
1442471843340, 2698682, 89
1442471844245, 2699587, 89
1442471845244, 2700586, 90
1442471846240, 2701582, 90
1442471847334, 2702676, 92
1442471848234, 2703576, 93
1442471849232, 2704574, 92
1442471850231, 2705573, 92
1442471851322, 2706664, 91
1442471852316, 2707658, 93
1442471853222, 2708564, 96
1442471854220, 2709562, 101
1442471855218, 2710560, 102
1442471856279, 2711621, 104
1442471857307, 2712649, 103
1442471858287, 2713629, 96
1442471859298, 2714640, 96
1442471860243, 2715585, 92
1442471861399, 2716741, 88
1442471862200, 2717542, 89
1442471863289, 2718631, 95
1442471864290, 2719632, 100
1442471865284, 2720626, 104
1442471866191, 2721533, 106
1442471867248, 2722590, 108
1442471868276, 2723618, 106
1442471869281, 2724623, 100
1442471870181, 2725523, 100
1442471871178, 2726520, 91
1442471872271, 2727613, 88
1442471873263, 2728605, 91
1442471874265, 2729607, 94
1442471875168, 2730510, 96
1442471876165, 2731507, 98
1442471877158, 2732500, 103
1442471878160, 2733502, 107
1442471879259, 2734601, 111
1442471880154, 2735496, 112
1442471881243, 2736585, 112
1442471882243, 2737585, 108
1442471883239, 2738581, 108
1442471884145, 2739487, 108
1442471885166, 2740508, 93
1442471886235, 2741577, 88
1442471887232, 2742574, 89
1442471888231, 2743573, 92
1442471889132, 2744474, 94
1442471890226, 2745568, 97
1442471891128, 2746470, 100
1442471892127, 2747469, 101
1442471893214, 2748556, 102
1442471894123, 2749465, 103
1442471895208, 2750550, 104
1442471896115, 2751457, 103
1442471897112, 2752454, 102
1442471898109, 2753451, 101
1442471899106, 2754448, 97
1442471900198, 2755540, 94
1442471901196, 2756538, 94
1442471902193, 2757535, 96
1442471903097, 2758439, 101
1442471904287, 2759629, 103
1442471905092, 2760434, 107
1442471906090, 2761432, 109
1442471907086, 2762428, 108
1442471908179, 2763521, 105
1442471909178, 2764520, 105
1442471910173, 2765515, 105
1442471911174, 2766516, 95
1442471912074, 2767416, 94
1442471913101, 2768443, 93
1442471914069, 2769411, 93
1442471915067, 2770409, 94
1442471916066, 2771408, 94
1442471917154, 2772496, 95
1442471918059, 2773401, 97
1442471919056, 2774398, 97
1442471920054, 2775396, 100
1442471921052, 2776394, 103
1442471922142, 2777484, 105
1442471923047, 2778389, 106
1442471924045, 2779387, 105
1442471925042, 2780384, 99
1442471926124, 2781466, 96
1442471927129, 2782471, 93
1442471928129, 2783471, 92
1442471929123, 2784465, 91
1442471930029, 2785371, 91
1442471931027, 2786369, 91
1442471932024, 2787366, 92
1442471933117, 2788459, 94
1442471934020, 2789362, 95
1442471935016, 2790358, 98
1442471936107, 2791449, 100
1442471937097, 2792439, 101
1442471938106, 2793448, 101
1442471939008, 2794350, 100
1442471940046, 2795388, 100
1442471941002, 2796344, 100
1442471941999, 2797341, 101
1442471942997, 2798339, 104
1442471944049, 2799391, 105
1442471945084, 2800426, 106
1442471945990, 2801332, 103
1442471946987, 2802329, 100
1442471947984, 2803326, 95
1442471949072, 2804414, 91
1442471950074, 2805416, 89
1442471951076, 2806418, 89
1442471951975, 2807317, 91
1442471952971, 2808313, 94
1442471953971, 2809313, 96
1442471954966, 2810308, 98
1442471956056, 2811398, 99
1442471956962, 2812304, 100
1442471957960, 2813302, 99
1442471959049, 2814391, 99
1442471959959, 2815301, 99
1442471960957, 2816299, 98
1442471962444, 2817786, 97
1442471963446, 2818788, 96
1442471964528, 2819870, 96
1442471965539, 2820881, 96
1442471966530, 2821872, 99
1442471967531, 2822873, 101
1442471968432, 2823774, 101
1442471969522, 2824864, 99
1442471970532, 2825874, 99
1442471971521, 2826863, 99
1442471972424, 2827766, 98
1442471973483, 2828825, 98
1442471974509, 2829851, 96
1442471975508, 2830850, 96
1442471976414, 2831756, 96
1442471977411, 2832753, 97
1442471978500, 2833842, 97
1442471979502, 2834844, 97
1442471980495, 2835837, 98
1442471981402, 2836744, 98
1442471982398, 2837740, 97
1442471983488, 2838830, 97
1442471984488, 2839830, 97
1442471985487, 2840829, 95
1442471986387, 2841729, 95
1442471987482, 2842824, 95
1442471988478, 2843820, 96
1442471989475, 2844817, 96
1442471990379, 2845721, 97
1442471991376, 2846718, 97
1442471992873, 2848215, 96
1442471993371, 2848713, 96
1442471994462, 2849804, 95
1442471995364, 2850706, 96
1442471996454, 2851796, 97
1442471997458, 2852800, 97
1442471998573, 2853915, 98
1442471999355, 2854697, 97
1442472000365, 2855707, 98
1442472001443, 2856785, 98
1442472002445, 2857787, 98
1442472003435, 2858777, 98
1442472004343, 2859685, 97
1442472005341, 2860683, 97
1442472006338, 2861680, 96
1442472007335, 2862677, 95
1442472008427, 2863769, 95
1442472009331, 2864673, 96
1442472010418, 2865760, 98
1442472011416, 2866758, 100
1442472012323, 2867665, 103
1442472013320, 2868662, 104
1442472014408, 2869750, 102
1442472015408, 2870750, 99
1442472016408, 2871750, 99
1442472017402, 2872744, 98
1442472018307, 2873649, 95
1442472019306, 2874648, 89
1442472020304, 2875646, 88
1442472021302, 2876644, 88
1442472022298, 2877640, 89
1442472023391, 2878733, 91
1442472024394, 2879736, 93
1442472025382, 2880724, 95
1442472026289, 2881631, 95
1442472027285, 2882627, 95
1442472028377, 2883719, 91
1442472029377, 2884719, 90
1442472030376, 2885718, 89
1442472031278, 2886620, 89
1442472032369, 2887711, 90
1442472033362, 2888704, 90
1442472034365, 2889707, 91
1442472035266, 2890608, 91
1442472036264, 2891606, 91
1442472037759, 2893101, 91
1442472038257, 2893599, 91
1442472039352, 2894694, 90
1442472040254, 2895596, 88
1442472041251, 2896593, 88
1442472042248, 2897590, 89
1442472043241, 2898583, 90
1442472044337, 2899679, 91
1442472045240, 2900582, 91
1442472046295, 2901637, 91
1442472047326, 2902668, 91
1442472048427, 2903769, 91
1442472049232, 2904574, 91
1442472050285, 2905627, 91
1442472051321, 2906663, 92
1442472052317, 2907659, 91
1442472053313, 2908655, 91
1442472054218, 2909560, 91
1442472055309, 2910651, 91
1442472056214, 2911556, 92
1442472057211, 2912553, 92
1442472058208, 2913550, 92
1442472059249, 2914591, 91
1442472060299, 2915641, 90
1442472061292, 2916634, 89
1442472062200, 2917542, 89
1442472063202, 2918544, 89
1442472064193, 2919535, 91
1442472065189, 2920531, 92
1442472066284, 2921626, 91
1442472067186, 2922528, 90
1442472068207, 2923549, 90
1442472069275, 2924617, 90
1442472070269, 2925611, 88
1442472071272, 2926614, 88
1442472072174, 2927516, 89
1442472073266, 2928608, 90
1442472074259, 2929601, 91
1442472075264, 2930606, 91
1442472076164, 2931506, 91
1442472077167, 2932509, 90
1442472078250, 2933592, 90
1442472079156, 2934498, 90
1442472080153, 2935495, 90
1442472081151, 2936493, 91
1442472082244, 2937586, 91
1442472083147, 2938489, 91
1442472084143, 2939485, 91
1442472085308, 2940650, 89
1442472086138, 2941480, 89
1442472087134, 2942476, 88
1442472088220, 2943562, 88
1442472089213, 2944555, 87
1442472090724, 2946066, 87
1442472091721, 2947063, 89
1442472092622, 2947964, 92
1442472093711, 2949053, 94
1442472094707, 2950049, 96
1442472095714, 2951056, 97
1442472096614, 2951956, 97
1442472097644, 2952986, 97
1442472098607, 2953949, 95
1442472099605, 2954947, 94
1442472100602, 2955944, 93
1442472101599, 2956941, 93
1442472102692, 2958034, 95
1442472103691, 2959033, 96
1442472104596, 2959938, 97
1442472105590, 2960932, 97
1442472106583, 2961925, 97
1442472107585, 2962927, 96
1442472108672, 2964014, 94
1442472109672, 2965014, 93
1442472110577, 2965919, 94
1442472111575, 2966917, 95
1442472112664, 2968006, 98
1442472113663, 2969005, 101
1442472114568, 2969910, 102
1442472115567, 2970909, 102
1442472116655, 2971997, 100
1442472117651, 2972993, 98
1442472118653, 2973995, 94
1442472119555, 2974897, 92
1442472120553, 2975895, 92
1442472121550, 2976892, 92
1442472122637, 2977979, 94
1442472123641, 2978983, 95
1442472124542, 2979884, 95
1442472125540, 2980882, 96
1442472126537, 2981879, 95
1442472127535, 2982877, 93
1442472128527, 2983869, 91
1442472129627, 2984969, 88
1442472130626, 2985968, 88
1442472131616, 2986958, 90
1442472132613, 2987955, 91
1442472133534, 2988876, 92
1442472134608, 2989950, 92
1442472135610, 2990952, 91
1442472136616, 2991958, 91
1442472137513, 2992855, 91
1442472138507, 2993849, 92
1442472139596, 2994938, 92
1442472140597, 2995939, 93
1442472141590, 2996932, 93
1442472142498, 2997840, 93
1442472143495, 2998837, 94
1442472144583, 2999925, 95
1442472145586, 3000928, 95
1442472146488, 3001830, 95
1442472147485, 3002827, 95
1442472148482, 3003824, 95
1442472149479, 3004821, 93
1442472150477, 3005819, 92
1442472151474, 3006816, 91
1442472152563, 3007905, 91
1442472153556, 3008898, 93
1442472154562, 3009904, 94
1442472155465, 3010807, 94
1442472156527, 3011869, 95
1442472157552, 3012894, 95
1442472158554, 3013896, 96
1442472159546, 3014888, 96
1442472160452, 3015794, 95
1442472161546, 3016888, 94
1442472162448, 3017790, 95
1442472163446, 3018788, 94
1442472164443, 3019785, 94
1442472165440, 3020782, 95
1442472166533, 3021875, 96
1442472167531, 3022873, 98
1442472168434, 3023776, 98
1442472169462, 3024804, 99
1442472170428, 3025770, 100
1442472171425, 3026767, 100
1442472172517, 3027859, 98
1442472173421, 3028763, 94
1442472174444, 3029786, 93
1442472175588, 3030930, 94
1442472176414, 3031756, 95
1442472177501, 3032843, 96
1442472178407, 3033749, 95
1442472179500, 3034842, 94
1442472180498, 3035840, 93
1442472181496, 3036838, 92
1442472182398, 3037740, 92
1442472183408, 3038750, 93
1442472184394, 3039736, 94
1442472185390, 3040732, 95
1442472186485, 3041827, 95
1442472187386, 3042728, 95
1442472188473, 3043815, 95
1442472189474, 3044816, 95
1442472190378, 3045720, 96
1442472191372, 3046714, 96
1442472192373, 3047715, 97
1442472193371, 3048713, 99
1442472194465, 3049807, 99
1442472195455, 3050797, 99
1442472196362, 3051704, 99
1442472197563, 3052905, 97
1442472198453, 3053795, 96
1442472199446, 3054788, 96
1442472200449, 3055791, 97
1442472201349, 3056691, 98
1442472202443, 3057785, 99
1442472203442, 3058784, 100
1442472204439, 3059781, 100
1442472205344, 3060686, 99
1442472206338, 3061680, 95
1442472207336, 3062678, 93
1442472208424, 3063766, 92
1442472209423, 3064765, 92
1442472210328, 3065670, 94
1442472211418, 3066760, 95
1442472212323, 3067665, 97
1442472213315, 3068657, 99
1442472214317, 3069659, 100
1442472215406, 3070748, 100
1442472216407, 3071749, 97
1442472217401, 3072743, 95
1442472218397, 3073739, 92
1442472219341, 3074683, 92
1442472220393, 3075735, 91
1442472221810, 3077152, 93
1442472222886, 3078228, 95
1442472223793, 3079135, 98
1442472224789, 3080131, 98
1442472225788, 3081130, 99
1442472226876, 3082218, 102
1442472227879, 3083221, 102
1442472228781, 3084123, 102
1442472229778, 3085120, 99
1442472230856, 3086198, 95
1442472231865, 3087207, 95
1442472232862, 3088204, 86
1442472233769, 3089111, 83
1442472234766, 3090108, 83
1442472235763, 3091105, 84
1442472236761, 3092103, 85
1442472237851, 3093193, 87
1442472238848, 3094190, 87
1442472239753, 3095095, 85
1442472240842, 3096184, 85
1442472241838, 3097180, 82
1442472242846, 3098188, 80
1442472243745, 3099087, 80
1442472244832, 3100174, 81
1442472245834, 3101176, 82
1442472246827, 3102169, 83
1442472247734, 3103076, 82
1442472248748, 3104090, 83
1442472249728, 3105070, 81
1442472250726, 3106068, 80
1442472251816, 3107158, 81
1442472252721, 3108063, 82
1442472253808, 3109150, 82
1442472254716, 3110058, 82
1442472255714, 3111056, 82
1442472256710, 3112052, 80
1442472257708, 3113050, 80
1442472258705, 3114047, 81
1442472259704, 3115046, 81
1442472260700, 3116042, 83
1442472261698, 3117040, 84
1442472262708, 3118050, 84
1442472263789, 3119131, 84
1442472264783, 3120125, 85
1442472265783, 3121125, 84
1442472266685, 3122027, 84
1442472267780, 3123122, 85
1442472268777, 3124119, 85
1442472269775, 3125117, 85
1442472270676, 3126018, 85
1442472271673, 3127015, 86
1442472272671, 3128013, 86
1442472273764, 3129106, 86
1442472274762, 3130104, 86
1442472275663, 3131005, 85
1442472277159, 3132501, 86
1442472277657, 3132999, 87
1442472278652, 3133994, 87
1442472279654, 3134996, 88
1442472280734, 3136076, 89
1442472281739, 3137081, 91
1442472282739, 3138081, 92
1442472283739, 3139081, 90
1442472284661, 3140003, 90
1442472285732, 3141074, 88
1442472286732, 3142074, 87
1442472287732, 3143074, 90
1442472288632, 3143974, 90
1442472289649, 3144991, 90
1442472290721, 3146063, 90
1442472291715, 3147057, 88
1442472292714, 3148056, 87
1442472293618, 3148960, 86
1442472294616, 3149958, 87
1442472295704, 3151046, 88
1442472296707, 3152049, 89
1442472297609, 3152951, 90
1442472298606, 3153948, 91
1442472299604, 3154946, 90
1442472300600, 3155942, 88
1442472301632, 3156974, 89
1442472302690, 3158032, 88
1442472303685, 3159027, 89
1442472304682, 3160024, 88
1442472305680, 3161022, 88
1442472306777, 3162119, 89
1442472307583, 3162925, 89
1442472308679, 3164021, 88
1442472309676, 3165018, 88
1442472310667, 3166009, 87
1442472311573, 3166915, 87
1442472312666, 3168008, 86
1442472313660, 3169002, 87
1442472314658, 3170000, 87
1442472315565, 3170907, 87
1442472316561, 3171903, 86
1442472317653, 3172995, 86
1442472318647, 3173989, 86
1442472319653, 3174995, 87
1442472320551, 3175893, 88
1442472321548, 3176890, 87
1442472322546, 3177888, 87
1442472323539, 3178881, 87
1442472324632, 3179974, 88
1442472325539, 3180881, 88
1442472326628, 3181970, 90
1442472327626, 3182968, 89
1442472328734, 3184076, 89
1442472329529, 3184871, 89
1442472330607, 3185949, 90
1442472331619, 3186961, 90
1442472332611, 3187953, 89
1442472333610, 3188952, 90
1442472334516, 3189858, 90
1442472335607, 3190949, 90
1442472336603, 3191945, 92
1442472337509, 3192851, 91
1442472338506, 3193848, 92
1442472339569, 3194911, 92
1442472340592, 3195934, 91
1442472341594, 3196936, 90
1442472342590, 3197932, 88
1442472343494, 3198836, 88
1442472344491, 3199833, 88
1442472345488, 3200830, 88
1442472346486, 3201828, 90
1442472347480, 3202822, 90
1442472348526, 3203868, 90
1442472349568, 3204910, 89
1442472350574, 3205916, 87
1442472352065, 3207407, 86
1442472353134, 3208476, 86
1442472354058, 3209400, 84
1442472354966, 3210308, 86
1442472355962, 3211304, 87
1442472357052, 3212394, 88
1442472358051, 3213393, 87
1442472358958, 3214300, 86
1442472360044, 3215386, 85
1442472360950, 3216292, 85
1442472361947, 3217289, 85
1442472363111, 3218453, 88
1442472363942, 3219284, 88
1442472365035, 3220377, 88
1442472365937, 3221279, 89
1442472366934, 3222276, 88
1442472367928, 3223270, 88
1442472368929, 3224271, 87
1442472370018, 3225360, 86
1442472371021, 3226363, 86
1442472372017, 3227359, 86
1442472372920, 3228262, 85
1442472374083, 3229425, 86
1442472375006, 3230348, 86
1442472376009, 3231351, 88
1442472376910, 3232252, 89
1442472377970, 3233312, 89
1442472379001, 3234343, 89
1442472379997, 3235339, 89
1442472380991, 3236333, 89
1442472381897, 3237239, 89
1442472382894, 3238236, 88
1442472383987, 3239329, 89
1442472384986, 3240328, 89
1442472385887, 3241229, 89
1442472386884, 3242226, 89
1442472387882, 3243224, 87
1442472388875, 3244217, 87
1442472389877, 3245219, 86
1442472390874, 3246216, 86
1442472392084, 3247426, 86
1442472392869, 3248211, 87
1442472393959, 3249301, 88
1442472394865, 3250207, 88
1442472395885, 3251227, 88
1442472396957, 3252299, 89
1442472397949, 3253291, 89
1442472398947, 3254289, 90
1442472399852, 3255194, 91
1442472400944, 3256286, 92
1442472401942, 3257284, 93
1442472402847, 3258189, 94
1442472403842, 3259184, 93
1442472404851, 3260193, 93
1442472405930, 3261272, 92
1442472406927, 3262269, 90
1442472407834, 3263176, 91
1442472408830, 3264172, 91
1442472409827, 3265169, 92
1442472410825, 3266167, 92
1442472411913, 3267255, 92
1442472412821, 3268163, 93
1442472413816, 3269158, 92
1442472414908, 3270250, 91
1442472415904, 3271246, 89
1442472416908, 3272250, 89
1442472417807, 3273149, 89
1442472418897, 3274239, 89
1442472419802, 3275144, 90
1442472420800, 3276142, 91
1442472421889, 3277231, 91
1442472422795, 3278137, 91
1442472423887, 3279229, 90
1442472424790, 3280132, 89
1442472425788, 3281130, 88
1442472426784, 3282126, 86
1442472427873, 3283215, 85
1442472428875, 3284217, 84
1442472429777, 3285119, 84
1442472430770, 3286112, 86
1442472431773, 3287115, 86
1442472432770, 3288112, 86
1442472433857, 3289199, 87
1442472434862, 3290204, 87
1442472435764, 3291106, 88
1442472436870, 3292212, 88
1442472437851, 3293193, 88
1442472438846, 3294188, 87
1442472439844, 3295186, 87
1442472440749, 3296091, 86
1442472441843, 3297185, 86
1442472442837, 3298179, 86
1442472443837, 3299179, 86
1442472444740, 3300082, 88
1442472445810, 3301152, 88
1442472446832, 3302174, 89
1442472447733, 3303075, 90
1442472448730, 3304072, 89
1442472449727, 3305069, 89
1442472450815, 3306157, 89
1442472451812, 3307154, 89
1442472452720, 3308062, 89
1442472453714, 3309056, 88
1442472454715, 3310057, 88
1442472455712, 3311054, 88
1442472456801, 3312143, 88
1442472457799, 3313141, 89
1442472458704, 3314046, 88
1442472459797, 3315139, 89
1442472460796, 3316138, 89
1442472461789, 3317131, 89
1442472462696, 3318038, 90
1442472463728, 3319070, 90
1442472464781, 3320123, 90
1442472465783, 3321125, 90
1442472466780, 3322122, 89
1442472467682, 3323024, 90
1442472468680, 3324022, 89
1442472469769, 3325111, 87
1442472470779, 3326121, 86
1442472471673, 3327015, 85
1442472472684, 3328026, 84
1442472473764, 3329106, 83
1442472474755, 3330097, 81
1442472475664, 3331006, 81
1442472476736, 3332078, 81
1442472477656, 3332998, 82
1442472479257, 3334599, 83
1442472480245, 3335587, 84
1442472481239, 3336581, 84
1442472482239, 3337581, 87
1442472483144, 3338486, 87
1442472484207, 3339549, 88
1442472485230, 3340572, 88
1442472486227, 3341569, 88
1442472487231, 3342573, 88
1442472488130, 3343472, 88
1442472489220, 3344562, 85
1442472490222, 3345564, 84
1442472491124, 3346466, 81
1442472492121, 3347463, 81
1442472493168, 3348510, 83
1442472494207, 3349549, 85
1442472495205, 3350547, 87
1442472496206, 3351548, 93
1442472497108, 3352450, 95
1442472498106, 3353448, 96
1442472499350, 3354692, 98
1442472500101, 3355443, 99
1442472501098, 3356440, 102
1442472502128, 3357470, 105
1442472503292, 3358634, 106
1442472504089, 3359431, 105
1442472505087, 3360429, 101
1442472506086, 3361428, 100
1442472507081, 3362423, 100
